姓名,分数
何娜,92
孔燕,32
金淑华,83
张宁,17
田志强,12
燕刚,61
周芳,51
张桂荣,31
魏伟,10
韩玉梅,40
孙小红,85
罗娟,87
李欢,23
郭莉,0
刘勇,63
杨峰,95
何红,55
刘燕,100
许瑞,31
尹欢,87
赵建平,32
邓莉,35
袁雪,34
张小红,79
宁帆,86
宫梅,10
高华,100
王平,51
郭桂香,51
吴鹏,13
王阳,97
路凯,5
邵红,72
张军,94
郭晶,1
庞娜,0
李飞,7
邓雪,64
王凤兰,97
张欣,7
王涛,78
马淑兰,60
张强,27
张华,0
钱斌,86
周玉华,40
王亮,19
崔文,35
段桂香,9
蒋欣,79
陈荣,95
姜阳,60
吴淑华,20
杨云,14
张淑兰,24
陈春梅,19
王琴,57
张秀英,43
刘超,74
王健,84
万雷,76
陈燕,46
谢玉英,33
林雷,96
何玉英,69
贺刚,76
薛亮,80
傅明,51
林春梅,87
王超,7
杨玉华,37
孙东,0
赵龙,25
徐秀华,40
陈芳,60
吴旭,51
王桂花,82
孔欢,96
杨帅,63
余莉,23
刘成,92
邓志强,67
何洋,32
陈超,70
司杰,1
李淑华,48
徐雪梅,85
张博,50
黄颖,34
王东,72
陈飞,46
石佳,22
王建,31
萧玉兰,94
吴雷,14
王桂芳,77
赵超,90
张成,84
胡欢,52
朱玉珍,88
钟利,49
胡利,52
路岩,75
孙云,35
庞玉梅,13
曾彬,80
胡涛,33
佟鹏,46
黄建军,14
陈玉英,37
刘丽丽,26
王帆,96
刘桂英,12
王刚,6
谭海燕,26
罗杨,82
熊燕,4
薛浩,21
刘云,66
黄鹏,60
吴倩,23
陈秀华,76
杨博,76
邱淑英,100
张坤,30
卢雪梅,36
杨佳,62
刘旭,57
陈建平,90
陈秀英,97
杨金凤,19
阎伟,59
黄桂英,33
薛飞,22
吴博,63
孟玉兰,66
秦成,8
毕金凤,27
林桂珍,22
陈莹,89
郑建华,11
赵亮,13
钱红梅,22
丁桂芳,34
徐龙,86
梁桂香,44
王莹,46
刘丹丹,36
李建国,5
萧丽丽,40
罗杰,78
袁东,31
陈玲,67
庄博,92
张彬,1
朱勇,84
李建军,16
梁丹,4
吴畅,59
魏静,63
李婷,14
刘秀梅,29
杨淑华,91
黄凤兰,20
黄坤,59
郭玉,35
欧阳建军,76
余娟,76
高玉梅,58
陈秀荣,63
兰东,48
萧瑜,99
廖超,58
刘雪,40
任晨,18
尹玉梅,69
郭莉,96
刘岩,68
赵洋,0
任华,41
刘建国,1
苏丽华,34
黄杰,69
李凤英,84
邱瑞,7
周阳,48
伍桂花,83
马玉兰,7
张瑜,39
王亮,64
王桂英,73
向秀英,2
张阳,24
孙海燕,20
唐淑兰,91
周杰,66
王想,86
李梅,68
王坤,31
葛琳,31
杨燕,82
李丽娟,9
顾军,73
罗凤英,46
田淑华,9
柴秀兰,55
徐红霞,54
李磊,62
刘宇,43
刘小红,85
吴亮,75
甘玉,24
杨丽,11
葛健,73
杨淑珍,54
何玉英,66
李鑫,10
冯桂芝,11
田淑珍,40
鞠秀芳,16
温鹏,0
李楠,64
刘瑞,36
张倩,92
李阳,99
江志强,2
陈想,8
王瑜,70
魏琳,73
方莹,18
石建国,39
宋梅,94
张龙,66
赵秀云,91
吴红霞,45
张文,72
李阳,90
赵洁,46
孔建华,40
严梅,88
史淑兰,76
刘超,97
王超,98
邓杨,47
罗玲,2
杨桂珍,27
倪平,73
杨龙,38
邱玉,12
王梅,90
辛婷婷,61
张斌,34
汤桂英,9
冯丽娟,66
曹强,25
黎亮,49
王秀兰,58
邓杰,50
林东,95
常红,74
乔宁,19
江建平,28
韩玉华,38
林丹,68
李龙,31
李秀兰,47
黄波,91
张娜,77
魏雪梅,93
张利,25
董霞,30
谭欣,38
王桂芝,86
朱建平,75
李宇,6
姚帅,27
叶静,39
吴秀梅,84
陈雷,10
何桂英,41
李超,32
萧雪,99
韩桂兰,21
孙丽丽,37
雷莉,24
许倩,73
邓秀兰,61
涂慧,43
高倩,88
许琴,68
戴丽娟,48
王秀兰,86
蔡秀芳,69
容玉兰,30
冯龙,24
唐博,6
高英,58
康畅,65
彭丹丹,24
谢婷,97
陈丽娟,41
唐岩,47
朱雪,89
康帆,88
夏彬,63
陈璐,3
孙雪,56
王桂英,14
陈成,0
彭海燕,63
马洋,8
宁娟,19
杨凤兰,35
王丽娟,20
尹林,95
陈玲,88
张坤,82
余丽丽,24
刘桂英,43
梁东,14
饶斌,52
陈丹,57
王燕,54
刘慧,44
陆瑞,90
廖淑珍,93
魏静,8
赵东,97
陈杨,90
叶静,5
陈瑜,26
冯婷婷,75
许畅,42
尤梅,95
张龙,5
许秀兰,21
周桂香,58
杨利,99
吴秀云,64
胡军,84
龚辉,21
黄艳,41
成秀珍,21
毕秀梅,56
毛玉珍,87
李兰英,35
杨淑兰,23
段红梅,3
曹华,9
张小红,21
林桂芳,31
高萍,47
杨健,96
陈桂花,13
靳文,10
江艳,40
何宇,84
林浩,22
郭晶,27
马淑珍,60
熊旭,6
梁淑珍,65
郭秀英,41
黄畅,70
刘杰,42
王辉,42
陈建,35
赵桂兰,35
张伟,35
胡强,78
傅亮,18
程玉,88
吴桂花,56
葛畅,43
倪洋,90
赵鹏,55
林瑜,6
江婷,22
李佳,28
邱阳,57
李婷婷,4
杨燕,83
曾桂香,5
罗云,43
张淑兰,0
谢瑜,56
马东,47
欧超,37
邹桂珍,42
杜芳,21
李艳,41
张敏,71
李海燕,3
赵雪,38
许健,90
廖鹏,43
林华,24
侯颖,14
萧桂兰,87
朱桂花,7
陈瑞,48
许凯,41
黄飞,70
刘磊,14
陆超,49
唐明,24
张倩,89
陈成,66
何丽丽,16
刘淑英,35
任强,66
黄淑华,71
吴兰英,73
魏淑英,53
崔淑兰,98
祁斌,99
武华,51
曾佳,47
罗艳,66
谢雪梅,76
陈玲,24
路岩,26
谷秀英,40
周建,16
汤艳,77
黎建军,11
卢建军,90
刘玉华,39
冯明,34
张莉,29
邓建,8
阮军,39
饶兰英,90
彭利,73
王建,16
周丽娟,38
张明,12
乔超,74
朱秀英,78
鞠华,49
陆淑英,5
陆梅,10
兰强,26
刘桂荣,68
徐俊,32
叶莉,34
张文,78
徐丽娟,30
吴刚,52
孙玉梅,33
袁华,55
张强,17
杨婷婷,40
杨春梅,26
秦春梅,98
雷坤,89
宋杨,25
田丽丽,76
许兰英,94
毛建国,9
黄桂荣,23
薛凤英,29
赵杨,78
薛兰英,11
刘秀华,41
吴秀兰,100
郭明,25
陈丹,58
徐丽丽,61
刘浩,94
吴浩,93
李倩,91
罗凤英,25
吴桂花,69
陈雪,96
陈兵,54
杨想,14
宋峰,49
吉颖,100
王秀珍,78
刘慧,33
蒋梅,4
胡芳,15
兰辉,31
廖勇,45
丁慧,24
许玉,95
卢春梅,70
贾坤,77
张秀芳,27
吴欢,34
董雷,34
陈娜,17
朱兵,4
严龙,26
杜建平,25
陈凯,50
卿莉,82
朱想,90
时玲,41
赵瑞,94
吴柳,46
黄萍,12
白小红,39
高阳,72
李淑英,35
韩亮,40
胡冬梅,90
卢鑫,80
杨英,40
段峰,7
满桂英,7
王春梅,4
陈健,72
孙燕,56
张玉珍,94
袁伟,43
闵欢,35
杨兵,37
许伟,92
周飞,19
李飞,7
田瑞,11
陈洋,18
田东,51
陈桂芝,37
王秀华,67
徐龙,80
康桂香,73
萧艳,19
黄秀珍,81
林凤兰,3
蒋刚,52
程秀英,78
张玉梅,23
翟佳,48
杨磊,39
张丽华,51
陈晨,74
罗秀珍,49
赵玲,57
刘龙,42
林秀梅,6
吴华,40
张超,49
张秀芳,21
李莹,74
劳军,77
欧桂珍,70
刘佳,27
杨博,66
李瑞,37
王瑜,69
孙丽丽,72
阎娟,59
林强,9
王志强,53
兰伟,48
林莹,59
杨楠,80
王秀华,82
许兰英,65
侯华,30
郭晨,12
唐璐,12
陈淑珍,31
王红霞,22
何琴,17
洪丽华,82
杨小红,86
葛宁,51
李秀芳,5
龙婷婷,23
王桂珍,40
姚志强,100
费建平,3
俞桂芝,39
冯峰,30
钟红霞,19
刘玉华,20
黄冬梅,41
叶慧,6
张兵,29
潘莉,54
李婷,37
周洁,63
张荣,10
贺淑兰,16
周秀芳,50
李颖,4
张鹏,58
黄倩,63
胡荣,88
陈平,19
顾淑英,14
欧阳成,76
王华,91
顾颖,64
阎桂荣,63
雷海燕,10
李杰,88
母建,99
李强,10
徐琴,80
周凯,9
朱玉华,9
谢娜,58
陈健,95
李璐,70
吕鑫,81
胡坤,48
何波,83
韩建军,47
范秀英,63
路璐,39
周晶,68
刘桂花,0
金莹,47
陈丽华,12
赵欢,5
张琳,51
钟军,16
刘欣,19
赵飞,80
施金凤,81
张志强,99
邓勇,64
金秀英,53
黄宁,55
丁莹,87
张晨,52
徐超,41
张淑英,49
修雪梅,37
杨秀芳,75
徐敏,66
戴杰,66
周宇,9
史建平,66
许明,61
刘帆,60
陈淑珍,36
陈兵,36
王桂芝,73
游建军,65
李刚,51
李丹丹,40
张凯,7
陈阳,45
李荣,74
杜丹丹,83
郑利,60
雷英,56
彭燕,38
梅华,100
李超,90
朱欣,53
王玉,48
张明,84
樊淑兰,49
伍娜,40
张欣,100
刘丹丹,35
陈旭,72
刘佳,59
邓丹,67
谢玉兰,76
周琴,77
樊晨,76
李海燕,84
程秀珍,26
王欣,10
郑东,55
王东,87
朱淑华,19
石文,75
郭雪梅,15
廖建,17
杨海燕,39
安华,23
王桂珍,54
杜桂花,13
廖雪,29
许辉,50
蔡慧,77
廖云,83
樊桂兰,50
黄雷,54
黄峰,44
黄桂兰,51
李淑华,45
齐晶,23
郭秀珍,49
黎娟,26
钟洁,47
陈楠,35
夏淑华,40
高飞,42
海建,30
王洁,84
冯浩,66
刘淑英,47
刘芳,86
萧宁,44
王桂珍,95
王玉梅,72
姜秀华,31
黄莉,89
朱桂英,3
周鑫,51
蔡平,63
杨萍,89
陈凤英,39
吴琴,83
马春梅,46
丁丹,32
陆琴,75
张玉梅,51
刘梅,65
尚秀华,74
魏玉珍,10
沈桂花,34
韩凯,66
廖丽,89
张平,14
李林,3
陈健,85
李秀荣,83
王颖,69
马兵,5
张秀珍,99
王健,7
廖英,77
陈欢,28
颜桂兰,9
刘杨,31
黄琴,53
郑桂芝,58
宋建华,99
秦秀华,35
易丹丹,27
郑婷,88
陈宁,92
汪龙,8
杜萍,95
吴杰,53
董建平,22
冯秀华,55
靳凯,6
陈秀梅,52
钟建华,92
王东,97
吕龙,65
韩玉梅,51
胡桂荣,84
沙杨,8
宗晨,74
蔡英,6
和红霞,33
苏慧,11
张秀珍,18
陈军,59
朱红梅,50
王桂英,96
林彬,56
金涛,82
韦桂荣,32
耿欢,5
居成,39
马红霞,98
张玉珍,1
王秀英,77
彭秀梅,20
杨林,61
孙柳,66
万畅,92
蔡娟,89
张金凤,86
符桂英,86
陈波,50
刘秀云,10
龚阳,98
范雪,56
蔡涛,70
齐畅,96
张海燕,6
邓刚,87
李玉华,14
王桂花,61
王旭,49
金艳,73
汪博,12
杜坤,17
孙玉梅,33
林萍,53
李燕,67
常荣,58
李春梅,63
余莹,22
梁秀珍,64
洪小红,5
陈刚,60
谢畅,73
张荣,22
贾玉兰,55
祝想,81
叶东,51
冯海燕,0
秦慧,55
汤磊,24
王柳,74
王海燕,62
张雪梅,20
彭婷,41
陈宇,8
蔡淑兰,16
徐洋,44
彭颖,64
任瑞,65
周芳,89
颜伟,3
何婷婷,52
洪刚,9
林亮,57
汤凤兰,65
林彬,66
金娟,0
张冬梅,100
米雪梅,11
黄秀华,80
井楠,98
李婷,60
时荣,36
李刚,41
兰东,72
李艳,59
胡超,100
陈畅,94
吴鑫,16
邱涛,30
罗宁,21
张成,78
张淑珍,84
黄慧,83
吴磊,27
何冬梅,25
高帆,84
滕春梅,37
王彬,15
马洁,53
万博,73
沈淑英,35
张辉,15
郑强,5
傅欣,85
李博,70
谢洁,83
刘秀珍,4
钟秀华,64
周桂芳,54
王桂芝,0
王雪梅,16
翁兰英,31
孙佳,72
张玉英,73
董岩,84
黄丹,49
陈娜,99
储海燕,98
王艳,9
杨欣,26
陈宇,87
叶兵,77
曾浩,96
高文,25
陈凤兰,70
廖波,9
文梅,19
郑桂芝,43
张涛,90
何文,86
查畅,0
张鹏,96
滕峰,37
汪颖,85
张旭,58
王玉梅,61
王超,51
赖瑜,18
靳丽华,83
周秀兰,96
刘红梅,76
李磊,37
陈云,48
王丹丹,0
李静,32
林琴,76
李建平,90
陈婷婷,25
郭畅,35
黄桂芝,45
陈辉,52
党岩,43
陈兵,25
王亮,78
张成,82
范成,64
周旭,9
王晨,70
丁丹丹,88
王春梅,87
靳桂香,52
姜冬梅,25
毛佳,64
杨丽娟,25
杨荣,81
尤玲,96
李凯,44
王勇,41
曾凯,84
石博,11
王文,36
鞠丽华,15
管洋,60
孙桂芳,99
邢静,37
马秀兰,43
赵金凤,99
董桂香,4
向博,77
李帅,38
庞玉华,47
唐帆,72
赵冬梅,97
王海燕,9
李亮,84
王红梅,13
袁玲,48
夏波,57
杨桂花,25
刘秀荣,39
卢丽华,71
杨刚,53
李瑜,11
杨琴,4
李洁,59
田健,35
沈敏,36
刘旭,97
车峰,32
何宁,88
邓英,78
张柳,35
刘龙,84
傅明,96
余敏,47
朱玉珍,21
刘春梅,73
伍丽华,23
夏伟,21
龚帅,45
王红,57
宋伟,27
刘红霞,20
谢桂兰,10
戴丹,66
李文,94
徐秀英,35
陈东,87
何柳,90
杨莹,92
田婷婷,8
尧建平,78
项玉兰,64
罗燕,0
黄杨,5
李柳,53
王秀华,66
张淑华,79
郭霞,55
罗建平,49
郭桂珍,81
胡帆,0
门志强,30
杜建国,29
李倩,31
杨勇,48
任利,18
徐超,93
张玉华,15
王雷,2
李静,35
李娜,72
魏帆,96
曹博,58
叶磊,94
廖亮,6
黄建,98
章涛,90
李建,83
杜霞,65
余秀珍,53
范磊,19
骆华,94
卢红梅,10
王海燕,67
李桂香,93
杜俊,79
郝建军,70
刘军,51
刘建国,87
徐桂芳,44
翁华,25
曹超,94
温建军,10
翟利,72
彭建华,83
张超,33
曾红,50
蔡斌,3
尚荣,3
杜小红,21
陈淑兰,96
段丹丹,94
顾婷婷,100
陈志强,76
胡文,69
阳桂香,32
黎丹,70
葛涛,59
汤玉英,52
王建,52
陈想,92
刘瑜,67
董建,64
徐明,60
赵俊,54
彭金凤,51
周敏,88
龙秀英,2
万丹丹,71
钱成,24
余旭,70
谌燕,24
帅宁,6
陈秀英,47
任杰,25
夏旭,97
任建国,71
戴海燕,4
吕桂英,10
郭婷婷,18
陈丽娟,29
吴阳,56
韦桂花,64
陈斌,13
孟岩,38
邢春梅,16
姜柳,85
张晶,85
张波,68
刘建华,75
金成,35
王萍,0
徐浩,28
刘秀芳,5
王健,91
陈勇,100
吴利,14
梁飞,64
吴俊,6
张建平,9
朱秀芳,63
冯荣,93
徐晨,25
陈红霞,59
洪娟,6
何超,24
李欣,39
杨瑜,43
杨静,54
宋俊,15
李玉英,8
李岩,37
陈霞,51
葛佳,38
潘莹,8
赵瑞,57
朱平,93
吴静,23
刘桂兰,72
陈兵,82
董飞,79
梁红,60
钟静,37
冉阳,55
陆瑞,72
刘红霞,11
戈帆,72
董倩,44
刘桂珍,6
张桂荣,60
孙波,100
刘成,11
刘飞,61
廖桂珍,99
赵桂香,6
周玉华,82
李凤兰,30
赵婷婷,12
蔺萍,58
吉秀梅,89
唐秀云,17
尹柳,36
唐丽,53
徐华,67
张丽娟,60
李亮,70
郭帆,52
严磊,20
张玉梅,73
杨建华,18
陈红霞,44
陈娜,64
周玉华,4
邢畅,60
郑秀英,100
范晶,14
王海燕,59
汪玉珍,53
彭健,31
梁林,50
蔡梅,60
吴辉,67
陈彬,53
李斌,43
顾柳,62
蔡春梅,88
谭旭,30
陈阳,28
张金凤,55
刘丹丹,81
郭娜,1
华秀荣,19
单雪梅,97
萧小红,70
陈宇,47
钟婷婷,100
黄桂兰,24
李帅,21
鄢丽娟,70
欧明,78
杨帅,70
赵磊,7
全玉梅,32
张瑜,67
杨慧,44
刘玉珍,41
江秀兰,8
崔海燕,64
刘桂芳,41
汪洁,39
杨金凤,39
吕林,77
易宇,77
谢强,86
王桂花,19
孙宇,55
洪志强,79
王刚,83
张林,8
常建军,56
潘霞,15
李雪梅,19
包杨,4
喻玉,47
刘丽华,92
冯海燕,38
郑佳,85
胡欣,4
李瑜,34
曹帅,41
王柳,16
邹东,49
王雪梅,56
吴平,17
赵秀荣,96
陶艳,12
龚洁,100
王建华,28
严玉,20
尤琴,94
梁浩,70
许晨,16
许斌,34
穆冬梅,16
周艳,49
卢桂芝,28
禹宁,19
张杰,10
刘宁,43
杜伟,47
曹帆,62
马洋,54
夏博,28
陈辉,59
任凤兰,89
许文,94
裴淑兰,77
林桂兰,60
夏瑜,87
任桂珍,3
夏淑英,100
王波,3
张小红,26
李博,67
孙欢,54
韩晶,37
邓慧,84
朱雪梅,16
杜龙,100
邓丹,37
桑瑜,60
周丹,99
何涛,57
汤秀华,69
蒲静,53
孟超,36
邓玉珍,9
苏俊,55
周亮,37
黄建国,100
邱丽华,51
李兵,95
李凤兰,89
陈娟,81
赖志强,64
金丽娟,14
张峰,49
李洁,11
贾鑫,46
苏丽娟,63
宋桂芳,91
阮华,9
林萍,52
白桂花,29
刘璐,95
斯利,61
杨淑兰,80
张彬,62
赵宇,2
王春梅,8
靳娟,66
王建军,52
黄凤英,75
蔡亮,67
王小红,92
康成,5
王红,95
张慧,93
顾阳,22
王秀梅,50
赵秀梅,46
刘雪,76
朱桂珍,14
王宁,24
赵娟,76
符敏,60
邬晶,39
刘桂荣,68
赵鑫,79
曾志强,63
阎荣,37
陆秀珍,13
戴玉兰,80
吴桂珍,88
王桂香,53
石雪梅,72
单波,60
冯敏,66
吴桂荣,38
文晶,54
周欢,37
阮瑞,84
张佳,44
艾红梅,69
李洋,79
李坤,75
王玉珍,45
李红梅,49
曹建国,34
吴岩,7
孙娜,76
黄秀华,91
罗秀梅,44
阎凤英,64
张健,44
申雪梅,91
赵坤,43
郭瑜,90
李建华,92
唐雷,13
邹成,81
雷桂香,7
马琳,80
黄桂英,18
冯丹丹,82
贾瑞,26
李兰英,58
吴鹏,0
萧宁,30
李彬,16
徐亮,12
詹彬,23
蒋华,19
尹敏,36
黄海燕,6
李旭,86
谢艳,72
吴秀华,98
江勇,43
江红霞,35
姜桂荣,79
孟帆,20
夏晨,90
徐娜,61
郑彬,96
王刚,24
万丽丽,75
孙玲,58
赵桂香,72
苏洋,1
王玉梅,58
龙宁,69
覃建国,55
黄玉华,25
顾玉兰,36
卢桂荣,15
张军,64
马荣,12
陈玲,28
郑宁,29
王建,43
程刚,73
许玉珍,44
白海燕,58
秦淑兰,73
张金凤,6
刘春梅,64
郑利,61
谢秀兰,90
唐秀珍,15
陈文,48
李涛,89
李萍,24
吴雷,10
张秀梅,69
施倩,71
王刚,42
王健,20
莫玉英,29
卢桂珍,94
邹柳,11
农洁,2
赵刚,18
包涛,11
胡霞,13
易玉珍,73
王洋,89
王梅,98
王洋,11
朱秀华,61
李刚,63
柯华,79
刘淑华,19
吴桂珍,50
刘想,44
严冬梅,82
李华,77
熊红霞,5
王红梅,84
张淑珍,82
陈旭,94
薛鑫,76
蔡霞,87
石建华,38
芦秀梅,18
杨晨,20
曹婷,4
苏利,23
田梅,7
冉秀珍,75
董建华,72
程玉华,0
贾桂芝,52
傅建,93
孙俊,93
谭颖,18
萧建军,50
阎成,56
关勇,72
刘静,15
张瑞,72
罗冬梅,72
魏琳,58
梁芳,32
李桂芳,52
吕柳,9
杨秀云,50
陆桂珍,21
赵杰,36
朱畅,87
莫建军,46
曹志强,5
卫楠,42
房坤,100
周丽丽,44
田颖,20
贺玉兰,17
王丽华,19
陈玉梅,13
廖琳,9
谢琴,96
甄淑兰,53
魏秀芳,53
刘佳,65
常峰,29
马秀云,45
张桂兰,39
欧佳,11
刘峰,91
陈娟,83
王浩,61
任琴,7
萧芳,23
王杨,44
吕峰,10
王辉,9
玉丹,24
丁旭,76
李颖,71
张淑兰,51
龚明,71
张健,35
朱军,30
杨楠,73
张楠,26
郑小红,94
黄强,70
花萍,59
胡建,51
单婷婷,61
蔡红梅,16
纪林,20
陈秀荣,81
吕畅,35
熊丽华,32
冯瑜,71
刘桂珍,74
郝浩,1
仲雪梅,2
应红,93
吴宁,47
黄志强,14
左欢,78
陈磊,12
刘兰英,86
兰小红,95
郑淑兰,54
毛婷,92
聂雪梅,24
汪成,16
翁秀荣,78
孙桂芝,77
何兵,33
孔秀兰,60
陈明,43
吴秀荣,12
邓俊,8
李刚,38
程红,37
刘彬,42
苗雷,44
杨军,12
石玉华,64
张娜,5
李桂兰,99
王洋,43
陈琳,57
宋洋,78
任晶,9
翟莉,2
王瑞,54
张亮,6
陈丽,5
王彬,71
吴文,43
李桂荣,27
解晶,0
汤淑兰,86
王敏,55
杨秀梅,94
李玉,86
李凤兰,2
李淑华,71
秦莹,74
陆春梅,81
张波,23
林龙,62
张军,23
李凤兰,64
张慧,32
杨秀荣,92
魏利,49
方岩,16
李志强,83
张玉兰,33
陈娜,21
孙林,79
薛玉华,24
王淑珍,39
金红梅,97
向霞,36
颜利,22
宋欣,63
李波,41
张莹,66
张玲,10
钟霞,44
魏玉珍,34
黄帅,10
陈辉,91
曾小红,40
邵芳,64
缪楠,91
钱斌,43
张楠,40
陈亮,53
孙畅,97
周桂香,25
陈建军,8
黄冬梅,33
吴旭,77
李兵,33
温梅,78
向梅,96
李瑜,88
党平,24
王桂珍,45
崔秀云,41
黄秀芳,14
季颖,31
邓琳,36
钟峰,35
夏倩,98
高玉兰,32
张瑞,50
牛淑兰,24
张波,81
余勇,61
胡帆,63
陈桂香,25
莫宁,58
吴莉,41
李秀华,51
刘东,6
任飞,47
陈建平,72
王丽丽,67
陈琳,92
刘洁,70
伍丹丹,95
何雪,47
梁玲,88
张娜,75
李艳,8
王利,7
佘兰英,37
王云,0
张想,53
孙梅,58
邓桂香,57
黄建,15
郑秀云,92
梁秀华,90
蔡瑜,36
石秀珍,29
张荣,2
杨文,70
胡平,49
李秀英,11
范磊,50
陈海燕,41
王阳,61
刘健,63
刘涛,32
曾帆,62
王桂芝,99
徐淑珍,82
刘兵,50
徐璐,8
仇玉,83
井荣,9
洪秀云,90
齐梅,7
张建,0
江玲,51
王华,1
王华,46
王峰,45
杨文,23
白俊,93
李玉,77
张凯,92
李桂珍,35
鞠玉兰,51
刘想,23
钟文,38
甘秀英,7
向倩,40
赵瑞,15
覃坤,85
谭玉兰,65
胡桂香,84
杜雪梅,13
高颖,22
佟斌,47
蔡桂荣,74
李洁,61
官云,74
赵云,82
吕凤兰,41
米强,92
邓阳,80
张凤英,13
张欢,97
李桂英,3
方明,97
刘建国,53
和宇,66
薛晶,58
窦婷,64
吕秀英,85
周志强,56
李东,12
纪婷,0
王杨,6
潘秀芳,51
丁桂香,93
龚成,66
朱丽华,59
张凤兰,51
朱淑兰,32
陈杨,17
孙淑英,61
姚斌,72
解林,26
常超,40
吕玉兰,57
冯旭,30
帅桂芝,93
赵洋,22
赵涛,42
何斌,100
虞亮,65
陈楠,87
王建国,57
梁楠,25
顾建华,48
萧瑜,59
吴雪梅,3
云静,15
戴建,86
魏坤,63
邱丽娟,94
陈桂兰,2
杨莹,74
刘梅,28
周淑珍,79
陈静,72
杨玉珍,80
黄海燕,52
王健,73
路柳,92
李文,58
张秀芳,12
黄凤英,33
蓝利,64
陆伟,98
侯洋,1
潘春梅,35
李桂芳,99
景玉华,100
孙想,61
黄飞,40
孙利,60
李斌,5
刘萍,13
张阳,64
高建国,21
巫强,32
董玉梅,26
姜涛,38
周畅,65
姜帆,14
孟颖,68
陈桂芝,71
陈英,26
陈玉华,62
周兰英,40
杨玉,80
杨兵,76
邹柳,25
李志强,69
全雪,36
周凯,93
刘浩,70
杨宇,67
黄桂荣,18
陈丹丹,100
李浩,76
江想,59
刘莉,30
冯凤兰,85
李斌,61
张桂芝,58
蒋桂芳,48
田琴,7
谢琴,76
李桂荣,78
李莹,76
郭秀兰,21
周玉珍,34
赵柳,93
吉洁,51
王春梅,77
程桂芳,89
杨桂香,6
吴云,56
师金凤,13
黄倩,39
王玉,72
刘浩,33
张坤,57
孙莉,98
刘芳,26
李岩,61
徐桂芝,46
高燕,40
关丹丹,7
莫阳,72
王玉华,88
张岩,0
迟桂珍,77
吴娜,88
李桂香,83
魏颖,61
王婷,54
王萍,12
马芳,66
王雪梅,59
李桂英,35
卢玉梅,31
陈桂荣,85
傅俊,17
丁淑英,42
吴涛,32
傅强,93
晁秀梅,29
陈丹丹,69
林丹,58
林凤兰,72
卢博,57
王兵,50
陈波,40
周婷婷,56
王静,77
袁凯,100
吴兰英,32
萧秀梅,1
李玉珍,23
陆彬,8
张帆,98
杨金凤,69
王浩,18
张阳,31
覃辉,77
陈凤兰,73
杨阳,63
刘辉,75
姬帆,24
张建国,59
郭军,71
王刚,22
党凤兰,2
邓志强,90
江柳,44
萧琳,98
史金凤,68
杨淑兰,59
周东,38
邹秀华,2
黎旭,16
兰敏,19
钟兵,94
刘鑫,48
赵建国,43
王涛,13
刘春梅,2
黄桂芝,23
张畅,57
郑彬,62
曹晶,38
黄秀英,100
阎云,95
邓桂香,41
王淑英,74
陈欢,43
胡波,43
谢桂花,67
马晨,94
王海燕,92
葛鑫,30
邓娟,88
夏彬,43
杨倩,9
祁杨,1
杨淑兰,27
蔡秀荣,7
姜成,42
郑欢,58
刘洁,11
田伟,64
满博,83
任帅,69
李慧,69
彭倩,51
黄涛,40
吕鹏,79
王坤,22
李帆,78
苗雪梅,47
郑鹏,44
彭伟,18
刘欢,15
李阳,8
陈彬,59
王小红,2
刘洁,40
马桂珍,25
罗涛,89
周利,10
李婷,97
程桂芳,26
赵璐,9
赵雪,56
王淑华,90
贾超,29
李丽华,16
徐桂珍,71
李坤,13
宋琴,95
夏宁,67
耿丽华,18
刘淑珍,54
何萍,19
孔瑜,97
陈淑珍,90
张淑珍,3
林伟,35
严秀梅,91
贾婷,66
柯晶,93
翟玉珍,98
吴秀兰,14
王桂兰,99
张俊,17
李华,61
王阳,90
陆琳,34
毕杰,10
王春梅,60
贺辉,82
李浩,73
张颖,64
吴芳,91
俞婷婷,11
张艳,40
欧阳畅,66
彭健,61
杨颖,65
季淑珍,1
杨刚,46
刘燕,43
吕勇,7
陈金凤,80
韩成,76
谷晨,64
邱莹,21
王琳,10
赵瑞,61
张静,22
叶秀珍,50
穆荣,82
李淑兰,38
李彬,87
傅岩,43
黄瑞,52
徐芳,26
孔秀云,27
贾桂英,20
尹淑兰,15
刘峰,37
杨颖,62
郭俊,78
芦玉英,77
范娟,40
王磊,69
张红,20
王冬梅,84
蔺波,8
潘鑫,95
范桂芳,50
董岩,65
华英,63
张雪,78
宋英,18
赵建平,45
王建军,58
王浩,59
徐刚,77
王明,4
赖辉,83
毛畅,90
田璐,65
杨秀梅,38
沈洋,28
蔡阳,28
尹莹,7
杨娟,78
黄亮,90
何瑞,87
萧玉梅,45
孙欢,5
高秀梅,41
王英,29
方霞,39
李秀珍,98
欧阳凤英,44
林瑜,9
韩萍,46
朱凯,90
周峰,11
何华,58
陈秀华,100
任浩,92
刘淑华,51
杨超,23
魏雪梅,56
张丽丽,35
李桂香,98
沈玉华,94
周莹,87
宋志强,25
蔡婷,75
叶梅,79
段桂珍,63
李飞,50
陈峰,57
罗玉梅,18
王燕,68
郭博,73
钟秀荣,65
卢娜,29
何强,98
林荣,95
阎凤兰,63
曾东,4
李洁,30
王帆,51
余婷婷,67
王玉兰,22
齐娟,53
王俊,8
杨秀珍,35
武波,78
葛晶,93
李东,98
夏楠,55
黄兰英,0
刘华,21
高秀兰,16
高雪,35
张志强,44
高波,91
彭伟,34
李凤英,18
郑宇,77
蓝凤兰,33
裴桂花,35
鞠雪,35
李淑华,4
赵洋,22
黄亮,31
向瑜,42
郑强,57
勾玉英,62
高玉华,29
刘淑华,58
周海燕,19
汤伟,67
郑坤,92
罗明,58
向龙,82
巩岩,22
李梅,48
马杨,99
李秀荣,15
温佳,21
邢莹,1
刘红霞,4
席琳,18
张瑜,70
冯倩,61
李敏,45
刘璐,84
兰帅,13
张楠,75
张宁,18
石兵,87
李娜,55
刘建,87
朱兵,23
刘丹丹,63
张英,78
郝小红,62
王玉,31
葛阳,34
郑平,45
洪阳,44
蒋冬梅,6
林强,18
曹小红,58
冯婷,65
杨华,65
张萍,51
邹凯,76
孙红梅,77
刘燕,78
刘建军,20
舒颖,87
卢淑英,10
马莹,10
刘健,25
王丽,14
解瑞,66
杨华,24
朱敏,8
李建军,58
杨玲,73
张娜,91
刘桂香,43
冯龙,75
边玉梅,56
孙艳,71
张建平,43
刘莹,32
何亮,88
李俊,19
李岩,14
黄玉英,83
郑欣,0
汪芳,65
刘娟,8
吴玉兰,32
郭玉梅,73
崔建军,28
孙东,6
周兵,62
罗艳,26
刘淑华,61
邓艳,38
刘柳,25
罗莹,45
唐桂芳,48
张艳,95
郭丹丹,54
朱文,66
何鹏,2
程丹,99
李莉,43
谢建国,20
孙静,31
张欣,81
李桂英,59
许兰英,41
陈建国,42
林秀梅,40
张霞,51
王彬,65
李凯,95
杨龙,20
钟秀华,49
俞丽,80
孙建平,17
邝明,8
袁柳,87
蒋淑兰,100
杨佳,60
姚莉,1
廖佳,3
陈玉华,17
王淑华,63
陈秀兰,66
田丹丹,60
梁欣,70
王淑英,60
鲜璐,32
廖静,0
刘桂荣,10
刘成,16
唐秀荣,31
余建华,7
曹平,62
顾波,46
谭芳,0
李兰英,80
左建国,88
田利,62
秦瑞,53
苏金凤,92
吴艳,6
熊建,30
薛岩,87
吴淑珍,52
张华,78
朱玉,75
罗玉珍,89
翟柳,18
高春梅,55
冯雪,35
惠彬,50
何秀英,6
周桂芳,8
张凤英,24
尹成,67
佘平,47
郑晶,68
丛强,14
李建华,5
罗雪梅,1
萧燕,53
黄佳,56
蒲荣,99
程瑞,40
何鹏,69
张杰,8
王桂英,44
李超,31
潘秀云,54
梁宇,74
李军,77
厉凯,18
何博,45
袁瑜,77
刘莉,51
吴娜,16
逯建平,67
范龙,78
黎雷,57
魏晨,22
鹿洁,79
杨欢,3
姚桂兰,39
潘建华,70
赵兰英,74
周荣,91
王艳,35
项娟,86
宋想,39
姜玉梅,25
郑平,96
陆凤兰,29
莫博,30
李明,17
严楠,26
贺强,45
王强,17
王文,28
李桂英,48
赵建国,3
王桂荣,88
王宇,93
马兵,23
简玉,29
周斌,24
梅丽丽,43
林秀英,21
魏瑞,50
陈桂荣,72
余玉兰,50
王阳,26
蒋丹,46
郭楠,50
曹丽娟,10
李斌,25
叶玉珍,60
张晶,10
张龙,7
唐桂荣,89
许璐,89
邱雷,25
王建国,69
余博,53
杨桂花,17
李丹,62
孙凤英,83
陆畅,80
韩磊,8
梁晶,85
杨建军,48
高欢,37
杨兵,28
张丹,94
钟桂兰,99
郑秀华,93
蔡霞,77
谢峰,44
李英,66
刘坤,51
马玲,93
蔡秀英,61
崔超,34
周坤,55
杨涛,41
梅红霞,60
张旭,19
杨丹丹,13
霍丽丽,57
陈丽丽,38
曹淑兰,11
范桂芝,42
王桂花,91
马军,38
张阳,46
周凤兰,3
王玉梅,93
鞠宁,76
俞楠,34
高秀梅,77
赵淑华,67
和梅,51
汪畅,67
简梅,74
王飞,57
孟小红,48
傅荣,68
赵瑞,81
毛杨,64
陈晨,39
刘飞,58
李健,65
文娜,93
何云,96
林红梅,0
陈佳,40
潘凤英,1
朱玉兰,7
唐帅,25
叶丽丽,44
瞿红梅,9
杨秀梅,77
李平,43
高倩,88
杨瑜,40
陈阳,34
成桂英,47
刘磊,56
李洋,74
万淑英,36
吴军,71
章晶,32
赵丹丹,0
乔玉兰,67
刘桂香,79
徐淑珍,67
王阳,19
刘辉,20
汤军,20
刘梅,70
樊芳,94
李玉兰,98
余飞,63
沈丹,64
姚飞,27
任桂兰,84
李峰,100
韩桂香,78
胡晨,87
曾秀华,81
陈瑜,7
彭婷,81
连琳,82
王坤,88
傅琴,20
阎帆,45
张林,64
雷桂荣,27
任利,96
唐英,41
彭洋,98
戚杨,65
高洁,37
张涛,62
张秀芳,60
李丹,39
徐秀梅,86
赵帆,61
孙磊,65
顾玉珍,23
张利,7
张静,29
杨丽华,68
胡柳,69
路强,90
陈宇,40
李萍,16
王林,63
李静,93
周敏,42
蒋超,53
欧阳瑜,15
滕龙,63
吴桂兰,54
孙玲,96
李军,37
尹俊,15
罗桂珍,11
沙秀荣,35
马敏,56
王楠,27
方琴,13
张雪梅,99
鞠瑜,88
王鹏,84
刘玉,87
周玉英,54
陈慧,14
张桂芝,82
杨柳,84
龙秀梅,79
李阳,43
江琴,51
孙桂花,19
亓云,24
白宁,92
高桂英,48
温璐,34
郭娟,74
熊艳,51
张帆,20
陈亮,89
张成,81
张勇,36
官慧,26
臧玲,85
李桂花,39
鲜海燕,47
赵淑华,71
罗杰,36
高博,54
陈建平,60
陈帅,16
张文,51
唐雪梅,3
战娟,47
柳莹,22
杨辉,96
王林,47
周小红,48
阎鑫,26
周浩,53
李阳,20
王金凤,54
张琳,50
黎柳,28
徐娟,7
周红,60
葛琳,33
曹岩,42
陈佳,21
方杰,51
张英,7
贾丽丽,29
龚志强,95
罗玉英,20
张斌,25
韦斌,30
郝琳,79
王丹,24
田军,74
赵艳,20
张超,43
汪建平,26
邓岩,30
康秀梅,97
冉淑英,27
陈飞,100
唐倩,65
张娜,34
易晨,37
黄鑫,29
王丽,43
王艳,73
孙雷,37
赵丹丹,99
程欣,4
李玉,41
李磊,39
杨梅,37
杜利,47
林静,93
何凤英,4
孙桂珍,79
马晶,99
刘鑫,69
郭玉华,45
苏秀梅,49
崔娜,81
周军,71
王辉,10
张琳,46
王小红,17
王洁,76
龙兰英,40
姚军,48
蔡秀梅,94
曾楠,26
陆玉梅,97
王洋,58
田凤英,83
杨瑜,36
李洋,36
黄荣,88
徐桂芳,83
余颖,89
张帆,62
张晶,7
张畅,79
郭彬,57
吴坤,63
王淑英,73
彭宁,64
吴玲,43
黄桂芝,40
邸桂荣,37
钟丽娟,75
李宇,81
吴建华,57
吴婷婷,79
童桂珍,5
汪英,93
李飞,9
李强,94
朱萍,39
黄云,86
张英,39
余娜,54
陈红梅,44
刘帆,1
钱玉华,34
林杰,36
萧颖,81
李晶,10
王文,47
李淑珍,85
杨莹,7
雷楠,64
王想,6
李志强,10
张云,52
温丹,37
冯凤兰,22
刘玉梅,46
张荣,17
胡桂香,32
张桂芝,95
赵红霞,58
刘晶,29
刘娜,15
孟玉华,42
陈红梅,73
彭波,57
朱春梅,25
陈建平,55
周杰,2
欧丽,27
唐柳,6
郭瑜,35
罗宁,56
顾阳,81
周芳,97
周帅,28
刘文,48
周玉华,77
韦彬,30
徐玉华,51
唐萍,61
张鑫,54
汪博,41
李丽丽,96
吴东,88
胡晶,33
刘淑英,52
胡雷,33
薛帆,2
李强,41
邓丽丽,18
陈淑华,21
李婷婷,47
徐宁,69
余秀梅,13
李阳,99
罗杰,94
李岩,64
陈凤英,15
侯芳,78
丁杨,44
覃林,91
柴俊,59
刘璐,72
曾峰,30
徐芳,2
李霞,34
王建华,9
李娟,31
林秀荣,70
高洁,63
梁秀珍,83
祝建军,22
林建国,8
陈佳,34
萧静,12
殷磊,16
姜凤英,1
李凤兰,66
杜桂珍,26
李玉珍,34
李欢,86
张小红,37
龙瑜,13
蓝岩,94
管杨,75
史瑞,0
彭瑞,68
林浩,34
黄建,83
邹梅,72
茹红,10
石帆,1
张桂英,67
汪杨,3
鹿斌,99
王燕,93
陈雷,95
庞帅,89
邓建军,17
赵云,4
曹秀梅,21
周玉兰,18
冯刚,2
韩秀华,56
石瑜,35
萧萍,24
陈瑞,8
戴海燕,68
樊婷婷,45
王玉兰,12
邓英,57
李晶,77
宋瑞,9
何旭,11
董志强,6
梁杰,19
田楠,62
杨磊,81
何兰英,14
刘军,95
汪明,20
张涛,48
温金凤,46
兰兵,32
吴飞,7
谢平,25
毛畅,96
刘晶,52
孙红梅,75
刘磊,49
张阳,13
罗金凤,34
杨桂兰,64
王利,63
袁兰英,73
丁玲,34
贺兵,65
邹宁,51
李建平,100
王雷,86
李慧,70
陆飞,56
陈璐,27
郭岩,85
尤亮,77
卢春梅,70
黄凯,32
潘建华,10
刘红,41
石坤,90
秦刚,32
李玉英,0
楼超,21
白秀荣,12
朱利,88
江倩,71
逯桂芝,58
童亮,25
张莹,89
王荣,61
王波,10
阎峰,66
吴桂香,5
刘桂珍,61
刘婷,4
董博,24
赵玉珍,40
高畅,72
赵金凤,58
黎强,16
程晨,59
杨飞,29
胡淑珍,0
钟秀英,97
王涛,70
翟雪,78
李玉英,89
韩建军,38
朱彬,60
章峰,22
汪颖,17
盛峰,76
李淑兰,98
刘丽丽,20
游敏,69
魏斌,14
陈鑫,28
王丹,66
何成,76
吴帆,74
张超,98
田淑珍,57
郭静,9
吴秀英,48
齐秀珍,30
王凤兰,10
许丹,19
刘秀梅,10
张金凤,66
侯秀珍,40
孙淑华,49
高海燕,86
王博,47
李冬梅,96
荣柳,15
林刚,80
唐林,16
徐桂兰,63
吴慧,31
马瑜,51
刘华,55
赵建,100
黎丹,2
黄杨,22
郭岩,69
彭莉,97
孙东,86
冯楠,13
金丽丽,35
陈静,20
王兰英,28
陶欢,75
王旭,71
王红霞,83
王娟,40
李健,36
熊秀华,39
吴健,34
赵辉,1
谷瑜,50
张丹丹,6
黄鹏,68
李萍,84
李辉,87
徐建,1
王淑英,77
陈建平,4
李文,61
桂玉华,19
毕晶,59
李艳,42
韦娜,82
吕丹,40
詹敏,14
康斌,76
刘柳,28
马雷,76
魏勇,40
佟桂珍,58
赵健,9
郝霞,92
刘杨,80
韦成,82
侯浩,76
陈东,23
胡雷,24
韩成,4
赵强,37
赵想,87
齐兵,17
鞠婷婷,89
陈玉梅,23
黄桂兰,100
龙辉,74
马兰英,85
左云,31
杨萍,67
栾欢,65
刘桂珍,17
刘伟,82
周小红,41
李楠,0
张洋,30
王红梅,71
杨凤兰,76
刘秀云,48
吕丽丽,59
崔秀珍,97
刘帆,40
刘秀芳,62
武颖,96
马建国,26
曹龙,70
李想,83
蒋桂兰,57
覃宁,48
谢勇,43
李帅,86
牛宇,0
姚秀兰,30
颜桂荣,47
杨荣,67
朱云,79
王琴,65
张凤英,77
胡淑英,71
严健,48
胡平,62
易浩,36
钟雪梅,78
李淑华,74
洪文,68
王超,76
林秀兰,26
刘涛,2
申璐,11
陈鹏,13
孙玉,98
李涛,43
杜玲,34
杨彬,3
黎淑兰,93
刘勇,89
刘涛,91
邓玉,71
樊欣,65
曲玉华,52
江丽丽,98
陈晨,51
杨丹,42
尹红,74
史健,61
龚婷,44
郭颖,22
樊建华,13
张坤,9
张彬,20
王兵,61
李伟,88
张燕,56
刘林,56
秦娜,64
许桂英,32
张红霞,43
王旭,6
洪淑英,11
艾凯,53
陈阳,29
薛丽华,83
潘桂芳,100
段红,90
郭宁,71
钟斌,27
孔丽华,71
詹云,18
崔玉,63
叶丽华,42
吴霞,67
沈金凤,88
王楠,76
宋霞,46
张想,49
杜秀云,15
丁秀英,47
陆超,20
陈芳,13
王晶,0
罗玲,81
赖志强,43
唐玉英,1
李凤兰,69
盘丽华,23
樊淑英,65
许琳,29
李秀荣,26
王杨,1
何颖,71
韩兰英,85
杨飞,8
杨淑英,26
刘瑜,21
萧彬,13
胡敏,89
胡涛,61
丁建军,55
严淑珍,78
翁佳,86
林柳,43
邱杰,10
黄雪,75
刘淑英,43
张琴,80
邓凯,5
杨浩,15
苏刚,33
胡强,19
邓秀云,87
郑琳,52
谭雪,3
孙红,14
耿小红,63
陈波,27
江凤兰,18
池龙,46
谈帅,100
周桂兰,44
刘璐,60
陈秀英,10
戴凤兰,49
胡博,90
宋明,24
陆刚,50
张建,37
黄婷婷,64
吴红,38
黄春梅,84
许浩,15
龙芳,70
张斌,70
朱倩,53
路建国,27
安波,30
张丽丽,58
李建国,94
孙丹丹,1
李秀珍,48
陈海燕,19
邱琴,8
杨秀兰,15
刘桂英,25
吴兵,83
杨玉珍,4
孙俊,9
张博,97
满文,73
周红霞,16
王明,85
任畅,77
徐彬,24
孟畅,5
张建华,11
黄建国,33
葛凯,94
王宁,29
卢凤英,58
范秀兰,41
陈帅,29
伍文,19
李峰,3
李建华,36
门兵,26
娄林,90
张宁,84
邱畅,15
许玉华,12
万敏,48
倪雪梅,48
熊柳,49
李磊,85
王桂珍,74
曾华,80
陈健,45
马婷婷,48
陈玉珍,12
梁丹丹,27
覃燕,74
吕秀兰,44
萧雷,10
王莉,74
王丽丽,100
温超,2
李帆,34
马颖,17
芦娜,53
杨桂花,63
杜洋,67
高波,70
许健,72
赵芳,79
王颖,92
王楠,99
黄燕,27
王超,74
李秀兰,100
钟凤兰,9
杨秀荣,67
刘博,66
陈淑华,15
龙明,66
甘伟,81
刘建国,55
杨红,70
孙静,9
田洋,46
张利,26
李桂兰,19
林玉英,9
方健,75
卢瑜,41
宋阳,72
张旭,95
张丹,86
刘文,21
李辉,58
朱莉,18
仲柳,21
彭坤,96
杨丹丹,49
郭凯,53
张辉,42
李波,19
张玉梅,75
李成,56
刘刚,68
马伟,50
鲍欢,41
王博,35
林玉兰,96
李辉,21
何超,43
熊艳,72
周岩,37
王金凤,65
李柳,7
文秀荣,13
张佳,32
刘淑华,84
刘兵,30
施健,42
邹桂花,98
张兰英,60
彭海燕,32
夏莹,77
蒋杨,65
陈浩,99
张慧,24
费璐,54
马秀云,52
萧秀云,19
张波,40
张丹丹,16
杨凤兰,18
符彬,13
萧想,37
申俊,95
金凤兰,11
石璐,34
张飞,65
陈佳,2
刘英,22
周成,94
周淑兰,63
袁丹丹,90
刘凤英,32
许冬梅,8
刘明,60
魏华,22
刘博,68
杨玉英,60
高桂兰,14
杜飞,90
董琴,98
杨秀兰,16
尉冬梅,41
彭红霞,95
李兵,9
周玉华,47
孙桂荣,29
余成,40
许强,85
张杰,32
蒋玉华,77
徐云,7
管婷婷,98
张阳,76
鲁桂花,75
陈桂芳,46
侯华,13
李冬梅,8
刘雪,11
黄玉,31
甘玉,85
戴磊,56
乔玉珍,43
陈雷,50
萧利,32
孙志强,45
周倩,58
宋鹏,67
陈辉,94
张霞,28
张婷,64
白玉华,5
李欣,65
杨丽华,19
吴玉,30
王玉珍,8
张刚,37
李娟,25
王萍,96
段博,19
王丽娟,90
黄霞,58
黄刚,46
谢勇,32
张宁,100
李淑珍,26
贺峰,53
牛娜,19
唐凤兰,62
雷磊,94
王桂香,78
何秀云,57
王秀荣,68
彭林,52
王柳,60
雷鹏,41
蒋俊,96
刘志强,26
向斌,71
殷峰,13
陈雷,44
陈欣,94
王玉珍,43
孙建平,75
左凤兰,2
吕玉英,94
杨林,31
朱丽,70
黄亮,76
董玉英,16
周玉珍,68
王桂香,3
吴莹,7
刘俊,86
袁琳,45
杨雪,45
李飞,45
夏芳,40
潘飞,43
骆建华,5
金雷,71
韦萍,35
刘雪,20
陈健,21
陈凯,58
黄杰,1
尹波,13
吴鹏,37
蒙雷,14
杜秀荣,96
陈磊,52
郑璐,20
许娟,36
韩俊,10
谢柳,11
陆秀梅,87
戴晶,32
张丽丽,64
孙倩,88
孙秀珍,82
周桂芳,47
丁霞,41
王亮,11
彭峰,54
姜建国,28
王艳,24
曾飞,48
胡博,57
王娜,54
王雪,88
杨秀云,18
王娟,25
张宇,24
张丽丽,94
林静,57
黄彬,48
莫博,0
刘瑜,14
李淑珍,95
章帅,84
邱瑜,90
董云,34
姜凤兰,70
张秀云,19
刘斌,44
戴林,88
李阳,10
黄佳,15
李兵,43
常秀兰,57
王峰,4
吴小红,50
万秀华,17
季琳,1
陈桂兰,43
廖俊,35
杨秀芳,61
周旭,24
田柳,98
廖敏,54
刘秀云,32
何凤英,67
吴秀梅,15
何军,19
潘娟,2
董东,35
张桂英,58
鄢金凤,79
杨雪梅,10
张欣,85
黄桂珍,26
邵欣,80
江娟,52
刘雪梅,50
郑鹏,97
呼博,32
陈洁,41
黄鹏,83
刘超,35
李婷,92
赖龙,14
曾辉,86
史建平,59
刘雪,46
钱帅,50
宁玉珍,44
李荣,65
杨秀芳,100
张杰,40
石洋,16
刘秀兰,100
金萍,25
毕桂芳,11
任琴,98
张婷,22
李兰英,69
黄娜,10
冯洋,85
韩芳,67
李志强,75
罗倩,66
郑红,58
杨文,91
盛佳,35
严玉珍,69
邓雪,51
刘桂兰,75
张淑兰,52
李亮,17
蔡帅,21
朱凤兰,44
李峰,30
陈淑兰,85
刘博,86
陈利,20
潘明,88
周柳,43
曲玉英,28
方华,46
鲁秀梅,14
杨建华,63
石小红,39
刘桂荣,48
伏明,26
朱兵,40
徐秀梅,88
陈玉兰,3
智冬梅,21
鞠亮,59
郭建国,17
温瑜,43
黄华,5
王建国,12
张利,0
蒋红霞,12
韩静,13
周帆,72
罗莹,29
刘燕,69
吴秀荣,23
樊洁,89
李桂兰,100
钟丽娟,100
胡海燕,97
何琳,42
杨俊,63
王健,81
袁淑英,43
苏玉兰,75
管秀梅,1
岳淑兰,15
张艳,24
傅鑫,36
刘龙,25
张强,79
李佳,76
陈荣,42
苏凤英,54
李秀荣,69
陈金凤,43
张秀梅,14
丁文,9
冯桂香,96
王建平,55
王玉珍,61
秦桂芝,4
尹坤,100
曹平,52
钟平,77
张慧,51
谢桂芝,88
王华,36
郭英,68
程桂香,85
袁桂珍,22
方鹏,99
黄淑英,99
王雪,31
覃凯,23
王宇,38
程丽娟,36
丁博,51
杨亮,77
晏莹,27
王鑫,6
邱柳,57
卢帅,82
李桂芳,51
王燕,3
吴萍,76
薛坤,58
周洋,83
陈秀云,11
徐瑜,45
郝林,51
马丽华,54
金秀珍,82
周涛,13
谢娟,97
汤楠,90
许玉珍,29
詹坤,9
杨建平,80
黄强,48
祁玉英,60
刘娟,31
钟玲,9
孙倩,1
邱飞,60
王丽丽,10
李利,8
李洁,0
梁涛,69
袁杰,36
王旭,69
刘彬,74
李伟,95
倪红,35
李淑珍,9
冯玉珍,74
罗莉,11
杨磊,53
赵璐,39
牛丹丹,74
潘晨,72
任娜,67
王凯,97
赵想,40
黄瑞,45
郜俊,90
汪宇,22
李楠,66
鲍小红,27
尹秀云,68
陈建华,72
刘秀云,17
李桂珍,89
王淑英,87
窦兰英,26
黄秀珍,52
秦琴,50
范斌,17
王艳,29
李桂香,11
刘桂芝,61
杨红梅,85
曹兵,74
江玉英,25
张鑫,53
黄秀华,70
王璐,21
邹琳,73
吴坤,1
江琳,86
张玉梅,57
田博,54
刘莹,44
孙凯,95
胡璐,54
胡玉华,47
刘平,47
姚慧,59
张强,71
李萍,34
李兵,39
孙瑞,5
宋成,27
刘莹,20
梁建,68
张斌,46
张玉梅,20
卢亮,7
海淑华,4
刘刚,64
段春梅,94
黄斌,84
张琳,73
李琴,0
王桂珍,56
陈军,57
马丹,16
何丽华,7
鲁秀英,46
丁桂兰,28
王瑜,12
王健,28
刘柳,31
刘帆,63
马东,22
钟平,29
赵建,31
周丹,73
涂璐,45
张建军,40
颜波,43
曹成,22
冯洋,27
崔军,52
张瑞,56
张欢,65
张伟,52
高波,25
萧倩,25
李浩,30
唐建华,94
王帆,10
徐红,2
田红梅,75
韩建平,38
祁文,37
李琴,77
胡阳,87
韩淑珍,21
曲畅,15
莫瑞,68
陆敏,80
张凤兰,65
邱英,61
陈桂英,10
刘丹丹,29
沈荣,25
孙龙,15
刘玲,6
何婷,51
杨春梅,53
李秀兰,76
杨丹丹,29
秦芳,53
韩桂荣,100
韩军,98
徐宁,26
申坤,11
韩旭,12
田婷,38
宋龙,34
郭雪,25
王博,76
雷莉,71
李杰,89
倪丽娟,54
高桂英,21
田鑫,44
温玉梅,13
刘志强,40
何海燕,28
孙勇,5
施文,10
张琴,23
杨畅,78
李丹丹,0
蒙红梅,64
李桂芝,43
李洋,84
贾鑫,17
卢阳,4
崔建国,56
孙雷,41
高桂珍,20
李丹丹,70
穆桂荣,62
李坤,0
陈志强,63
任洋,54
朱春梅,95
康金凤,53
张丽华,71
万刚,100
程志强,87
王想,0
张晶,20
卢艳,28
吴秀云,82
李慧,2
柳丽,17
潘秀华,50
刘明,81
吴志强,19
杨坤,58
赵飞,16
王杨,80
王磊,63
王建华,61
杨春梅,56
吴瑞,16
郑淑珍,88
高想,40
张莹,96
张璐,25
章红,78
胡建平,7
陈秀英,93
韩建平,68
李凯,81
陈军,98
张金凤,17
徐秀兰,78
赵红霞,0
强丽华,69
徐畅,1
白婷,54
傅凤兰,16
施琳,58
王秀梅,20
朱飞,36
胡小红,51
万红霞,86
王磊,75
董浩,93
许峰,92
沈建国,26
刘丹,24
王英,4
陶飞,41
李林,55
王欣,79
方飞,85
罗龙,88
王博,82
王瑞,90
杨飞,14
曾琳,77
王飞,63
倪明,12
尹辉,77
张杰,32
齐倩,8
阚琳,55
吉旭,91
段娜,16
张芳,20
陈颖,95
谭桂芳,23
王健,45
陈彬,5
王桂珍,23
许成,96
傅林,51
郭桂香,50
蒋斌,3
高佳,41
张红,39
王雪梅,79
顾雪,10
汪峰,37
张丽丽,2
黄兰英,52
雷林,49
刘利,23
田帅,20
张丹丹,31
陈佳,16
罗春梅,75
高坤,73
姜艳,78
张浩,94
王琳,3
王桂兰,22
冷丹丹,43
左荣,66
黄桂芝,90
朱丽娟,82
高淑华,15
邹丽,79
曾红,29
庄玉兰,56
梁旭,78
敖平,89
王春梅,51
张建,38
李璐,82
程艳,0
申淑兰,98
梁凤兰,98
刘凯,58
蒋伟,15
萧欢,32
林坤,61
杨飞,5
孔建国,90
何荣,64
鞠荣,93
程勇,77
赵晨,12
王丽丽,52
赵浩,6
吴倩,9
彭文,36
杨飞,76
张峰,63
吴霞,35
吴晨,5
鲍娟,93
李欢,96
段丹丹,68
吴欣,22
张红霞,8
薛涛,74
李婷,96
吴宇,68
潘玉兰,88
胡娜,91
黄亮,81
许晨,39
陈萍,40
曲璐,43
孙强,0
高秀芳,17
朱桂芳,34
伊建,36
朱志强,52
孙帅,22
秦红霞,30
雷帅,20
彭旭,89
徐丽娟,49
公静,62
罗磊,47
叶鑫,4
贾娜,98
黄勇,82
云想,13
黄俊,99
朱淑兰,3
郭婷婷,4
陈宇,29
何桂芳,90
熊瑞,97
阎超,22
李杨,10
王秀华,68
任桂香,86
田萍,77
郭凤兰,97
杨桂香,39
萧想,36
王秀珍,16
张彬,23
洪艳,48
费静,86
范兰英,95
赵燕,38
李磊,69
杜浩,21
徐龙,66
陈军,66
张淑华,56
张海燕,12
沈梅,5
唐军,51
刘秀芳,90
徐凤兰,88
李勇,50
王红霞,68
陈燕,68
颜华,72
钟婷婷,15
王平,15
周俊,60
刘勇,8
杨海燕,32
官帅,10
王丽,92
赵帆,57
陆建国,38
侯秀华,39
胡波,14
张岩,1
祝春梅,4
钟欢,85
郑玲,94
李超,70
卢博,36
韦坤,12
叶丽娟,63
赖彬,67
周娟,34
曹芳,90
刘洁,94
余志强,70
曲平,46
邓俊,62
张桂英,14
龙淑珍,12
杨英,20
王成,48
贾凤兰,52
杨建平,31
宋兵,17
张莉,48
李建国,89
王燕,62
马秀英,56
李刚,45
王秀华,81
杜彬,69
刘敏,56
徐婷婷,71
张桂珍,55
汤刚,54
高婷,51
沈淑华,65
毕云,84
吴春梅,36
熊峰,3
孙华,38
童春梅,52
余丹丹,19
周小红,28
郭琳,74
梁杰,98
张芳,2
孙阳,15
郑丽华,68
倪明,73
崔建军,93
骆云,99
傅楠,47
江玉英,3
康刚,51
王鑫,54
蒋林,18
傅冬梅,23
胡坤,1
魏利,8
刘健,17
王玲,4
万鹏,10
王敏,78
刘瑜,82
蒋静,12
孙畅,98
耿楠,31
翟雪,65
任健,63
韩波,14
张波,33
张秀英,44
薛岩,75
孙博,58
陈丹,6
纪华,76
朱淑华,15
朱勇,79
余桂芳,72
雷桂花,9
贾刚,67
胡帅,97
王桂英,74
沈华,64
刘秀兰,2
冯晨,82
崔琴,94
熊兰英,85
车婷婷,95
刘红梅,88
林莉,60
卢桂芝,79
曾丹丹,21
张杰,76
欧阳成,67
冯慧,38
陈秀梅,85
鲁志强,19
段淑兰,25
刘杰,23
何玉,79
陈秀珍,51
吴燕,22
连龙,79
许想,83
周龙,31
陈飞,96
刘桂芳,16
潘云,61
尹玉梅,4
王瑞,95
王刚,81
张玉,60
范成,53
王强,63
李玉梅,81
陈玉华,92
申波,91
陈建军,29
张婷婷,16
林冬梅,40
唐峰,56
谭超,73
梅婷婷,96
朱斌,72
刘丽娟,49
刘鹏,58
李桂香,52
郭婷,34
张勇,28
李浩,69
黄桂香,64
张兵,40
李秀荣,38
徐桂荣,83
翟亮,26
杨鑫,45
林辉,97
张玉梅,14
武桂花,56
康萍,61
庞桂芝,35
段淑兰,20
卿秀荣,2
彭桂英,26
向燕,69
马丽,62
吴强,45
阎静,36
赵雷,27
宋建华,40
殷峰,78
李洁,19
朱颖,79
王琴,8
徐凯,14
黄云,90
左宇,37
陈云,51
左楠,33
杨健,61
王磊,20
李强,91
任帆,65
尹宇,49
张玉珍,27
吴强,24
陈荣,97
王璐,3
刘柳,12
王淑华,79
林秀梅,89
王欢,20
黄秀英,48
郑秀梅,52
董冬梅,59
张兵,75
刘丽,32
胡飞,45
原雪梅,81
滕红霞,56
余雪,44
王秀芳,47
武玉珍,68
孟杰,42
张岩,2
刘磊,12
邢楠,43
何利,18
隋华,83
刘梅,33
范坤,39
戴华,12
谢海燕,48
郭红霞,14
梁秀芳,33
陈佳,9
鞠璐,2
何健,53
阎帆,10
蔡芳,21
石成,35
熊娟,38
萧桂荣,64
饶倩,89
麻霞,16
李明,99
韩芳,85
张梅,53
林玲,68
王云,13
周秀芳,58
李华,100
邱建国,47
温芳,46
萧慧,76
汤海燕,2
蔡桂花,82
李旭,33
邵明,98
陈红,63
贾凤兰,30
郑晶,90
李军,52
李刚,6
林刚,45
刘岩,60
张丽丽,75
梁桂香,90
甘利,98
洪利,14
吕柳,35
常超,27
覃慧,51
李霞,72
郭芳,22
金宁,45
黄桂珍,21
汤璐,58
游璐,55
王畅,81
萧云,7
陈瑜,53
陈强,58
苏建华,35
姜秀珍,33
宋海燕,10
秦秀梅,6
常萍,73
许飞,46
高秀珍,92
凌淑英,55
马柳,71
曾桂香,86
姚丽,37
金英,66
陈建华,86
曾冬梅,99
傅文,60
李秀华,61
范勇,67
蔡桂珍,97
吴慧,99
战秀英,37
王宁,90
黄艳,89
向雪,62
王桂芳,86
金平,97
李娜,94
王桂荣,87
段健,7
谢玉英,7
陈淑华,46
张岩,59
熊金凤,42
田亮,30
霍荣,83
阿建,52
李婷,72
李淑华,15
李凯,54
孔玉华,20
陈龙,42
吕洋,78
陈桂芝,98
钟晨,6
曹欣,57
刘志强,12
王艳,99
严静,73
陈东,90
殷欣,69
张秀兰,29
彭雪,3
刘秀珍,93
韦旭,47
慕玲,91
董云,7
朱小红,48
杜欢,97
尹璐,22
王洁,57
丁玉,21
母洋,87
谌柳,83
刘秀兰,47
曹成,16
杨淑兰,83
莫红霞,31
白雪梅,32
王玉梅,68
李艳,75
许玉兰,25
刘桂荣,99
顾斌,9
孙兵,24
陈楠,25
韩秀梅,8
孙建军,80
刘坤,31
查兵,70
蔡秀云,45
易春梅,68
刘飞,14
王东,55
张桂花,30
高平,61
王峰,12
徐晶,91
李彬,29
林金凤,4
林萍,35
孙凯,85
萧玉珍,100
孙欢,14
张想,26
莫玲,83
林兵,50
孙秀芳,57
李晨,10
张春梅,61
巴桂花,44
周峰,50
陈冬梅,63
郭淑珍,60
李玲,61
吴婷,45
孙静,73
陈萍,70
吴颖,15
陈辉,76
张艳,21
李建国,73
关秀荣,44
段建国,1
侯宇,54
易金凤,65
马博,94
张金凤,46
杨平,31
贺柳,83
夏霞,16
陈秀华,43
陈娜,10
刘颖,0
萧杰,17
陈玉华,89
李春梅,6
刘桂英,59
夏林,78
冯玉珍,63
李利,44
唐桂荣,84
孙凯,76
张荣,77
宋婷,35
陈淑珍,22
党娟,85
俞萍,3
李凯,72
周璐,17
康冬梅,59
李桂芝,72
罗平,36
赖阳,96
岳明,22
秦玉华,93
李倩,28
陈英,37
刘梅,86
覃亮,98
丰洁,56
李鹏,17
熊凤英,24
杨萍,95
朱建国,58
朱浩,66
刘亮,81
邹琴,70
王秀荣,24
司芳,64
苏玉华,97
田杰,89
管荣,10
张凤英,82
杨桂珍,63
刘慧,49
黄东,78
周宁,57
杜建军,24
向慧,11
陈晨,52
王鹏,30
朱玲,6
景秀芳,63
刘兰英,42
谭宇,31
张旭,63
孟想,99
黎淑珍,10
柴文,82
赵平,96
李秀芳,45
蔡俊,71
陈柳,100
李敏,20
陈秀云,38
胡艳,2
陈琳,83
白红霞,72
罗阳,54
黄丽华,98
李秀云,8
陈颖,68
李丹丹,39
崔琴,66
周伟,26
杨霞,3
祁建,63
杨彬,85
刘丽丽,14
张颖,52
陈欣,70
孙丽华,19
张秀芳,19
周桂英,62
聂雪梅,13
邓欣,84
何明,52
杨玉,96
刘莹,54
刘丽娟,83
王帅,99
李秀兰,63
杨想,40
马荣,70
陈飞,32
刘丹,19
徐鑫,97
方桂芳,13
李秀英,64
林玲,63
陈志强,95
杨玲,26
张秀珍,81
陈成,9
赵琳,92
李彬,80
姜帆,67
丁勇,95
孙桂芳,30
周淑兰,70
王帅,33
李洁,40
王雪梅,16
王燕,73
盘成,30
张磊,74
何彬,5
杨雷,46
张丹丹,10
高欣,0
陈桂英,17
吴淑珍,4
吴利,58
段淑华,9
李莹,21
黄秀珍,24
张丽丽,81
李红霞,89
朱楠,79
黄芳,77
仲岩,80
林秀梅,44
王云,9
陈健,81
温雷,96
樊彬,65
王瑞,49
黄淑华,15
卞洁,76
温凤兰,12
路勇,43
柏强,1
陈秀兰,73
王军,47
石雷,3
邓秀华,84
戴莹,66
陈峰,61
何杰,20
卞帅,44
李明,19
施利,13
王玉华,99
李晨,39
赵磊,53
赵艳,72
颜建平,17
石杨,1
游桂荣,76
金俊,78
王荣,11
陈强,52
蒋强,61
童飞,14
王桂荣,53
林刚,17
孟莉,28
彭丽,37
祁凯,44
颜志强,2
王桂荣,78
文岩,38
丛萍,93
苏静,19
曾建军,97
刘瑜,39
童桂英,63
何明,56
姜英,39
杨颖,97
钟旭,61
何洋,19
哈秀珍,29
张柳,61
罗博,31
郑军,9
曹龙,17
谢瑜,76
陈秀芳,84
骆建国,22
陶峰,23
吴洁,32
刘秀芳,27
罗建平,78
吴桂芳,8
黄兰英,11
任秀芳,80
周兵,74
金红梅,20
杨凤英,82
郭东,98
刘建华,58
高娜,68
蒙涛,8
何辉,50
梁梅,91
李宁,21
韩帆,93
陈峰,14
刘玉梅,26
王亮,15
林梅,79
陈娜,13
萧欣,13
林艳,47
李桂荣,62
范婷婷,52
娄芳,34
娄波,22
郭小红,80
李凤兰,97
王红霞,79
林桂荣,68
仲娟,60
邢丽华,30
陈健,94
姜平,49
严欣,4
赵丽华,4
胡淑华,49
黄浩,20
郑军,93
蔡勇,72
曹杰,69
王瑜,4
石丹丹,68
廖畅,89
李文,86
刘林,93
曾桂花,5
胡峰,33
熊桂英,40
丁凤兰,99
杨楠,50
张浩,87
黄秀兰,95
李春梅,86
曾桂芳,35
毛云,66
胡梅,71
张秀兰,44
杨小红,54
何敏,48
刘阳,34
刘伟,85
周秀芳,39
高秀荣,60
陈俊,34
李帆,19
方玲,82
黄金凤,67
戴荣,98
杨英,51
张丽丽,47
田秀珍,0
柳春梅,42
刘柳,4
陈俊,45
陈红霞,44
崔楠,72
姜俊,29
周小红,41
冯桂兰,66
董丽娟,63
蒋华,75
王瑜,35
周建国,98
鲁桂英,65
苏建军,85
黎秀华,75
徐强,63
张桂珍,24
李超,47
安宁,38
孙想,75
甄晶,25
辜阳,12
赵健,14
孙楠,1
周丽华,59
邹成,75
曾丽丽,47
陈超,16
陈丽丽,62
陈云,76
王坤,47
戴英,55
范秀云,86
邓俊,36
顾亮,80
李秀芳,29
何婷,53
庄海燕,56
郭桂香,40
郑萍,81
郭桂芳,41
罗斌,12
孙文,95
门斌,2
乔静,45
张勇,28
杨秀荣,66
耿淑兰,71
陈畅,88
阎亮,100
褚秀梅,91
张红,69
唐华,70
吕欢,11
翟飞,15
罗婷,39
白亮,8
周兰英,40
董淑兰,77
李红霞,48
刘军,1
张桂香,64
黄梅,15
刘婷,54
陈柳,62
刘桂芳,83
周淑珍,94
齐丹,54
周佳,65
朱琳,12
邓林,73
朱利,8
王秀兰,61
李辉,44
农桂兰,62
朱桂芝,84
韩莹,69
傅瑜,60
赵斌,98
周俊,50
余秀芳,39
刘婷,44
王红霞,88
葛峰,15
王帅,16
萧莹,71
叶莉,74
吴兵,5
陈欢,72
袁想,26
戴欣,70
张平,47
陈军,80
宗桂香,6
初超,84
王淑珍,65
曾金凤,59
王艳,7
冯阳,37
史鑫,41
连辉,65
董玉梅,77
陈红,45
敬岩,65
刘楠,58
鲍岩,64
白建军,38
王刚,2
胡飞,53
刘军,25
王娟,64
李秀华,9
刘晶,72
吕杨,91
徐建,6
王颖,30
王晶,11
管秀英,87
蒋桂香,74
霍坤,98
熊成,40
夏俊,85
张雷,54
郑红,1
张浩,51
陈冬梅,89
夏静,99
夏东,69
林斌,35
杨健,90
赵楠,99
江秀荣,49
姜莹,88
周秀华,43
梁莹,87
杜明,83
孙云,31
张娟,21
吴秀芳,41
吴洁,69
李瑜,73
刘畅,69
江婷婷,80
姜萍,52
吴玉珍,63
任玉兰,36
郭慧,57
李丽娟,75
黄玉华,1
蒋建平,19
吴兰英,14
屠建华,13
王春梅,85
钱飞,16
马晨,100
钱晨,97
陈林,23
黄晶,76
傅丽,17
王璐,82
高红梅,49
王霞,59
罗波,87
杨淑珍,68
余玉英,26
秦芳,46
陈晨,2
范桂芝,39
黄璐,36
马俊,98
李桂英,29
韩利,50
魏玉珍,72
余华,67
张娟,54
宋淑英,98
王平,27
靳帆,49
王桂芳,31
白璐,30
马帅,38
金琳,40
卞杰,34
沙秀兰,75
刘娜,87
贾彬,32
周亮,37
蒙浩,55
彭娟,32
王丽娟,42
蓝丽丽,20
苏刚,92
陈娜,88
任芳,80
彭畅,67
韩秀芳,24
杨阳,96
高杰,11
潘晶,55
熊淑英,39
刘雪梅,2
金颖,24
童佳,64
刘鑫,25
黄辉,27
吕秀梅,6
任彬,78
周秀珍,16
李宁,62
林刚,93
程金凤,6
余志强,30
黄利,39
李利,47
冯东,7
梁秀珍,33
秦凤英,73
林成,43
许瑜,94
胡峰,56
曹桂花,49
李秀云,24
王娟,53
崔玲,3
周秀梅,5
吕雪,14
郭宁,58
徐成,91
张红,40
邓秀华,99
向云,79
韩帅,24
茅成,34
黄勇,1
张建平,13
梁玉华,50
林秀荣,76
纪丽娟,16
石丽丽,59
王亮,90
张强,84
展文,95
刘淑珍,87
张兰英,24
谷金凤,86
张刚,14
陈坤,65
石辉,58
蔡斌,53
何颖,51
莫颖,82
黄刚,69
吉丽,62
傅华,46
李晨,66
兰鑫,27
梁建平,12
刘林,91
王敏,11
张芳,63
孟建国,86
韦浩,15
刘兰英,53
郑丹,44
芮颖,41
谭利,10
刘博,50
邓桂英,42
姚刚,25
李凯,67
刘兰英,38
梁英,26
周凯,74
方萍,51
张鑫,58
李坤,24
李磊,10
陈辉,64
陈淑英,46
孙杨,38
姚丽丽,20
郭雪,38
梁凯,16
任楠,3
翟亮,11
林晨,7
田海燕,48
王淑兰,100
张淑兰,14
张晨,40
丁丽华,60
周桂英,92
潘芳,99
左莉,80
林洋,76
王兰英,83
卢海燕,84
唐晨,31
姜莉,44
钟淑兰,83
周梅,11
王秀芳,84
李想,31
许海燕,15
黄秀华,37
王伟,95
戴帆,59
陈婷,94
张宁,70
周萍,5
李秀芳,70
赵海燕,98
梁想,1
王利,80
陈军,99
凌凤英,26
杨丹丹,31
敖刚,87
包琴,40
赵建军,92
杨桂花,22
邹磊,32
杨建军,68
陈伟,2
吕建华,95
程金凤,51
黄玲,29
鞠秀兰,87
吴春梅,84
罗玉华,19
聂欢,16
黄梅,50
丛燕,18
甘楠,27
陈秀珍,69
陈欢,91
张帅,58
邹金凤,23
王坤,63
农想,67
崔建华,2
聂秀华,90
刘兵,89
张阳,83
曹亮,71
郭平,25
陈雷,80
蒋博,90
林凯,94
龙浩,77
张倩,74
金柳,88
萧燕,16
钟小红,52
黎金凤,90
宋琳,99
李建,61
边俊,14
牛丽娟,62
薛秀兰,20
马勇,58
冯玉英,59
何鹏,36
钱桂珍,18
郑桂芝,34
赵颖,31
陈建华,79
任莉,66
葛玉兰,43
路艳,72
曹琴,8
徐杰,72
李洁,41
赵成,11
陈亮,24
甘桂荣,36
刘秀兰,79
何秀英,98
郭秀华,39
张莹,23
吉鹏,49
朱淑兰,19
雷晨,32
汪桂花,37
吴超,44
宋彬,38
莫涛,40
陈桂花,79
陈秀珍,69
曾超,53
张斌,55
李飞,41
陈飞,38
刘建平,89
杨桂香,72
徐畅,49
程秀梅,96
李东,61
耿红霞,44
孟婷,6
俞成,10
王秀荣,51
赵超,12
朱志强,27
张亮,2
牛荣,42
戴畅,32
钟彬,20
林云,57
郭鑫,52
岳兵,43
张健,1
陈丹丹,49
孙军,81
雷秀荣,11
李海燕,95
萧强,95
翟桂香,10
马玉,17
刘凤英,33
池秀芳,8
杨莉,51
赵秀芳,56
张云,83
张慧,26
黄丽,1
童红梅,17
杨建,65
夏雪梅,6
刘冬梅,60
崔桂花,13
李玉兰,17
陈丹丹,6
姜飞,39
常军,8
海丽丽,16
谢帆,12
秦雪梅,32
王秀兰,28
钱瑜,23
桂勇,31
杜龙,85
林霞,3
王桂英,21
门秀兰,38
罗雪,56
何丹,43
张成,18
宋玉,24
汪晶,22
殷帆,84
刘超,72
杨晶,29
史建平,33
刘淑珍,52
杨丽丽,52
向涛,35
李秀英,32
何晨,23
张宇,65
李娜,28
王凤兰,66
吴慧,60
洪红霞,69
霍雷,97
林晶,28
周秀荣,78
陈玉梅,24
邓英,56
欧雪,45
廖淑英,2
谢璐,50
陈建华,59
吴柳,99
欧刚,30
刘龙,46
唐洁,28
申超,62
韦玉兰,30
陈亮,52
许英,55
李冬梅,73
胡欣,33
李磊,85
吴金凤,55
余丽华,73
陈萍,69
王瑞,4
何婷婷,52
李岩,64
黄宇,42
刘玲,43
李金凤,89
周萍,42
漆岩,95
郑旭,25
洪燕,23
苏淑英,43
程荣,77
王芳,53
陈俊,12
周丹,34
刘佳,100
邵桂兰,37
张坤,93
赵文,86
史冬梅,53
曹琴,66
陈兵,64
李丽,53
胡彬,70
刘洋,34
杜淑英,25
申洋,18
邓志强,3
王丹,50
司丹丹,22
罗秀芳,72
兰玉华,35
翟荣,39
刘婷婷,83
王红梅,49
丁岩,19
彭彬,15
李婷婷,99
邱桂芳,4
郑桂香,71
曲秀云,8
许宁,51
郑玉珍,72
何兰英,100
康龙,73
刘柳,99
李波,35
冯兰英,98
曹洁,17
王平,90
王志强,98
陈秀云,17
张凤英,18
高英,58
杨平,52
门雪梅,93
朱柳,13
粟勇,74
吕红梅,42
张冬梅,78
王倩,23
杨超,62
李秀兰,8
马文,23
韦晶,69
陈静,33
张洁,37
安玉珍,46
房杨,8
冉晶,42
孟璐,87
许旭,47
景欢,81
唐明,9
王凯,93
李畅,78
贾雪梅,64
田琴,55
林超,87
姚冬梅,14
吕红霞,83
任芳,97
李龙,23
任波,36
晏秀梅,0
吕勇,16
陈楠,72
张丽,15
王桂珍,9
张婷婷,23
周桂花,12
张文,62
刘秀兰,49
王婷,72
黄建,12
张鹏,40
张丽丽,31
陆玉华,19
邹旭,16
王华,38
阎磊,89
吴秀云,36
林玉,32
王玉,41
马磊,85
张浩,15
颜瑜,9
李云,93
祝丹丹,20
朱秀珍,71
雷玉兰,25
刘婷,28
邓晶,24
夏晨,36
刘明,62
包桂芝,3
任建华,25
陈桂芝,4
赵健,15
荆凤兰,81
杜健,97
李冬梅,25
李洁,35
李凯,18
杨刚,41
姚畅,43
邹兰英,23
刘志强,36
赵峰,48
周斌,85
王浩,92
盛涛,56
常玉,20
郭丽娟,64
许华,2
郭秀华,90
阎峰,1
邓金凤,99
张凯,83
何霞,74
张超,47
李洁,40
刘桂芝,29
陈洁,75
杨丽华,90
钟楠,40
隋红,100
李欣,64
刘晶,72
陆秀芳,44
王倩,10
祝婷,51
李畅,40
蔡玉兰,12
李柳,26
李娜,66
焦勇,29
姚楠,21
朱玉华,93
李瑜,8
盛亮,62
郑婷婷,52
谭彬,98
郭杰,7
吕晨,97
张俊,15
陈艳,2
张婷,94
廖玉华,12
李秀英,67
梁琴,9
赖雪,57
李林,65
白艳,44
苏博,79
王涛,64
周琳,59
方英,43
黄秀荣,90
葛丽娟,5
易桂芳,5
刘丹,28
邓凯,20
郭梅,0
孙柳,87
熊飞,10
杨柳,92
王林,14
韦文,9
王淑珍,0
陈超,17
何娜,74
孙明,53
朱楠,75
曾小红,71
常金凤,30
尹凯,14
杨丹,42
魏玲,40
樊丽丽,18
洪桂珍,87
周龙,4
郑红,51
郭小红,95
梁萍,19
张岩,15
农凯,35
朱春梅,14
罗桂花,34
廖丹丹,1
高彬,30
蔡金凤,95
杨洋,85
周平,13
陈玉兰,9
徐建华,82
黄柳,92
彭晨,81
李畅,10
李淑华,7
曹芳,93
秦桂荣,77
刘晶,16
李丽丽,41
张娟,98
崔凯,30
赵晨,3
刘志强,60
赵畅,86
刘磊,33
戚波,55
黄磊,70
赵平,83
张秀荣,71
张阳,47
吕淑华,19
马建平,20
王建平,13
韩萍,31
李楠,94
陈桂香,85
刘旭,11
康坤,0
丰建,64
单娜,10
张冬梅,91
李瑞,60
李欣,74
张华,95
黄玉兰,2
谭柳,97
张亮,88
徐平,28
谢超,20
王林,47
文伟,63
姚建国,60
葛颖,94
蔡红霞,36
朱磊,51
赵杨,66
戴博,50
胡秀云,20
杨红霞,77
陈慧,14
刘志强,32
刘东,39
邢晶,27
滕华,84
胡建平,28
蔡柳,95
徐畅,65
方鑫,47
朱玉英,28
周秀荣,70
蒋彬,97
叶倩,26
何丽丽,21
刘桂珍,12
岳丽华,69
李勇,64
范小红,61
高军,83
黄俊,60
王娟,87
尹娟,40
傅秀芳,3
杜畅,16
刘秀华,22
郭杨,26
蒋建,15
王波,44
齐淑兰,19
全想,83
贺畅,64
杜荣,54
刘燕,24
苟玉,27
尹敏,71
吉小红,89
刘红霞,47
李勇,18
宗军,72
司凤兰,76
李帆,92
陈岩,30
唐晨,30
赵帆,4
吴敏,94
刘小红,61
黄佳,26
解丽,27
郝辉,61
郭云,84
阮秀珍,5
鞠杰,9
李帆,54
杨玉华,56
蒲欣,86
刘玲,68
张淑兰,56
冉桂芝,47
李雪梅,19
朱海燕,50
苏桂荣,81
罗超,88
方想,6
巫博,79
翟淑英,86
薛梅,53
郑雪梅,35
成琴,4
李杰,65
黎燕,27
颜飞,65
易琳,70
赵楠,28
王兰英,82
由红梅,42
井萍,72
周桂兰,89
喻晨,62
周红梅,86
林玉兰,58
张雷,20
蒋丽华,20
梁秀珍,45
萧璐,70
陈颖,40
官玉兰,14
廖丽娟,39
秦秀华,40
丁梅,82
韩婷婷,16
张超,8
尹瑞,46
王秀珍,83
石秀珍,29
吴建国,15
桑红霞,43
贾晨,45
冯桂珍,36
王丹丹,82
连洋,46
周宁,20
郑畅,12
杨玉华,46
郝金凤,42
白凤兰,94
叶杰,65
陈鹏,79
林飞,59
张玉英,27
蔡雪梅,77
吴飞,9
李杰,8
廖小红,79
贾红,69
黄红霞,32
王秀芳,31
晏杰,2
刘莉,0
张雪梅,86
张帅,11
陶军,40
姜桂珍,6
张小红,96
黎丹丹,60
苏瑞,92
曹洁,100
赵丽,15
翟兵,97
梁秀梅,28
仇志强,99
李红,11
杨佳,18
李秀云,49
李秀芳,16
李秀英,45
李建平,8
杨欣,32
黄建国,90
杨建,47
蔡晨,77
王倩,26
许桂芝,58
张玉,8
程玲,44
张鹏,90
江建国,24
朱瑞,39
毕丽,60
李英,47
李娜,48
彭淑兰,59
陈想,67
田荣,17
杨军,32
吴利,91
敖坤,100
张岩,75
曹雪梅,20
蒋玉华,65
路林,28
刘欢,20
胡文,7
曹波,53
董成,51
张秀荣,72
宁旭,99
龙春梅,43
魏岩,34
徐婷婷,6
孙芳,62
崔淑英,13
张雪梅,26
康帆,91
周秀英,33
陈建平,92
杨婷婷,34
张金凤,91
郭琴,63
李兰英,6
张秀芳,52
张琳,36
李娜,26
唐丹,79
郭建,88
段刚,8
龚瑜,99
牛丽华,53
黄小红,21
李丽,82
李帆,46
刘丽娟,30
许玉英,67
秦淑兰,88
刘晨,84
邹彬,68
周杨,84
赵秀兰,36
汪梅,66
叶娟,40
曾小红,79
许兵,25
张成,45
潘林,39
洪志强,35
王欢,1
黄敏,44
张洁,57
毕明,93
王兰英,89
柯小红,0
王琳,82
张秀兰,46
姜建平,95
郭志强,76
徐红,82
夏瑜,84
郑丽,41
林丽,60
李凤兰,66
王杰,2
胡平,29
曾云,47
吴志强,64
李岩,60
陈彬,91
苏燕,61
李玉,10
何健,4
邹莹,27
杨海燕,56
谭梅,87
赵璐,2
谭欢,45
任秀珍,50
彭小红,94
郑建,88
李玲,24
黄欣,90
司春梅,12
何凤兰,85
褚利,52
蔡志强,26
杨秀华,73
王玉梅,2
宋强,64
王桂花,85
黄洁,54
张玉英,37
张艳,44
林丽,22
徐丽,37
刘丽华,51
唐明,96
何冬梅,67
陈凤英,58
石凯,66
李秀芳,64
陈亮,94
卢秀英,76
林淑兰,27
朱倩,14
陈宇,0
师建,39
费晨,7
宋红,51
何俊,24
胡浩,91
马淑英,42
陈文,52
张建华,47
冯亮,25
毕淑兰,53
梁淑英,46
谢想,80
何秀梅,79
郭小红,44
梅燕,85
魏燕,5
王丹,72
王桂珍,32
周志强,54
陶倩,6
蔡成,74
王华,29
杨帆,38
王丽丽,47
王桂英,95
张淑兰,42
王桂芳,26
赵凤兰,69
李燕,39
姚云,61
何楠,52
赵文,0
李文,78
陈慧,30
蔡颖,24
李欣,63
张帅,53
许玉英,89
陈鹏,37
李平,54
时春梅,41
萧宇,33
田萍,38
周彬,19
王颖,71
刘兵,62
崔欣,10
韩静,6
曾杰,17
叶莉,39
杨建华,43
韩丹,97
曾桂芝,19
陈红霞,46
赵丽娟,31
张兵,58
刘瑜,5
李明,57
戎杨,1
周波,79
王秀华,30
吴平,11
孔鹏,49
张莉,7
郭鹏,24
瞿桂珍,57
罗婷,21
朱丹丹,51
傅玉华,18
孙婷,68
张荣,87
任刚,39
邓艳,14
杨淑兰,2
毛健,39
陈健,17
白超,12
童龙,51
陈明,89
邹兵,31
王建,5
吴刚,55
黄桂英,43
苏楠,14
宫红霞,2
曹岩,61
赫艳,41
庄丹,9
钱金凤,99
时杰,81
倪丽丽,26
崔俊,45
徐婷婷,64
黄龙,43
吕欢,74
张桂英,85
周敏,98
乌淑华,90
李建军,91
张彬,23
唐琴,86
陈明,37
任玉华,53
张莉,8
何云,51
吴超,94
高颖,66
谢红,48
晏俊,16
严荣,4
胡丽丽,50
李鹏,83
杨亮,47
周婷,91
朱辉,94
白慧,75
欧阳淑珍,29
张颖,82
王丽,13
商秀华,77
王波,95
刘刚,68
陆瑜,5
魏玉梅,17
罗建,40
徐萍,37
黄玉,21
刘桂英,15
倪秀兰,59
乔欣,48
毛帅,85
金海燕,57
李丹丹,9
贾东,67
吕帅,78
林淑兰,25
卢娜,8
郝玉英,93
杨秀云,31
黄雪梅,27
白玲,43
许宁,77
柳健,70
李玲,62
刘玉华,80
杨鹏,51
李桂英,55
张金凤,84
顾鑫,46
王文,92
江畅,15
徐瑞,45
雷建国,26
陆辉,93
张冬梅,72
宋楠,29
张帆,80
吕芳,5
王欣,15
朱丽华,45
尹凤英,66
黄鑫,99
董峰,12
张荣,3
李明,49
黄丹丹,40
李凯,34
崔秀华,17
李峰,10
胡冬梅,18
杨成,97
古建军,76
郭帆,86
王志强,27
袁强,36
郭莉,93
任娜,1
张桂花,65
田玉兰,0
赵东,22
刘玉华,79
王建,32
李艳,9
刘波,37
张艳,46
张兵,78
伊淑英,90
李玉珍,5
傅雷,14
徐瑞,87
鞠霞,81
尚想,92
余成,94
田岩,46
司秀云,23
曹晨,3
林秀芳,96
林佳,46
袁欢,20
杨红霞,71
刘俊,14
李健,56
高桂芳,94
张娜,61
鞠桂香,2
贾丽华,19
高志强,2
周鹏,43
唐秀英,26
周云,51
李凯,0
刘宇,85
纪晶,61
许丽华,30
王健,26
姚秀兰,48
张斌,8
汪静,90
盛淑兰,10
郭丽娟,72
石倩,37
范红梅,4
甘燕,45
林帅,68
曾桂芝,85
凌燕,60
洪琳,80
林霞,79
张莉,43
孙玉兰,31
傅刚,91
叶建军,1
周璐,39
崔帅,38
张娟,71
赵琳,60
王晶,82
曹桂英,82
梅桂英,96
张秀云,4
周玉梅,71
张洁,37
杨岩,35
李秀云,51
周柳,32
高桂芝,7
王桂兰,56
刘瑜,35
丁刚,84
阙飞,4
盛林,99
赵雪梅,5
杨桂珍,18
夏红霞,12
唐霞,4
张桂兰,73
王艳,52
梁瑜,9
郭华,56
胡欢,87
汤娟,50
张欢,86
李辉,61
李鑫,85
黄琴,14
李杰,80
王志强,8
陈冬梅,76
林萍,6
朱金凤,71
韩秀珍,19
薛博,0
刘磊,1
孙军,10
郑桂花,83
林亮,99
谢莹,30
魏桂香,55
汤红,90
徐秀英,26
鞠璐,49
牛秀英,25
杨静,71
董丹,61
傅洁,27
朱丽,44
黄玉英,96
何红,57
张俊,25
吴岩,91
甄凤英,94
黄桂花,64
姜玉珍,52
李倩,67
李淑兰,67
关玲,79
史洋,59
杜萍,72
陈秀荣,94
孙玉华,75
张婷,91
杨强,60
杨倩,49
林建军,42
刘博,72
林帆,67
李琳,96
时小红,94
魏帆,66
陈涛,53
李红,74
李岩,76
崔成,75
汪红,4
史凤英,4
李慧,3
陈璐,64
张淑珍,57
范淑兰,34
赵平,99
黄涛,75
方俊,57
宁建国,86
姜冬梅,10
王娜,33
李荣,8
彭俊,89
田勇,92
陈柳,88
蒙丽丽,62
王淑华,23
许华,22
朱辉,11
王婷婷,11
张飞,10
何芳,17
陈红,15
李桂芳,50
王帅,7
张淑英,71
吴楠,40
尹想,88
许俊,2
司亮,41
蒋秀云,14
赵帅,95
李玲,29
杨桂香,90
洪强,99
李建华,20
李波,93
魏文,29
王畅,0
王飞,53
郭桂芝,26
傅雪梅,27
杜婷婷,7
吴红梅,23
谷淑华,21
熊强,71
吴桂芳,56
黄秀华,43
邢璐,74
帅桂花,67
周燕,82
李坤,9
谭慧,10
王俊,57
韩玉珍,30
宿成,21
颜娜,2
周超,76
唐春梅,28
王健,68
邹云,48
张佳,22
向佳,25
林华,33
晏雪,56
刘东,62
区燕,81
裴建,13
庄玲,92
沈秀兰,41
孙英,82
周淑华,67
谢丽华,22
陈建军,52
马凤兰,71
陶海燕,3
王波,57
朱飞,90
王霞,35
王斌,30
李晶,97
蔡芳,0
蒙博,1
常建平,69
龚欣,22
范建国,8
马海燕,66
李东,70
张平,33
郭桂荣,36
林秀芳,52
黄林,40
李冬梅,93
丁婷,15
张畅,85
赵想,6
姜杨,63
杨玉,5
林阳,72
涂霞,26
盛欢,58
姚丹,14
曾岩,26
刘淑英,92
黄亮,76
张军,75
张莹,49
安辉,42
董桂芝,16
芦红梅,96
马淑兰,21
崔浩,79
侯涛,86
钱兵,30
李想,78
朱瑜,75
李强,58
王刚,21
张刚,75
张建平,30
漆杨,43
李淑英,22
耿琳,68
张秀荣,50
李刚,16
詹浩,100
杨勇,88
薛颖,14
段建国,59
张兰英,33
鞠婷,91
杨霞,5
符玉珍,25
罗丽华,38
吴云,92
马玉珍,85
刘云,1
朱玉华,59
陈丽丽,45
卞瑜,100
张玉珍,6
杨秀珍,24
戴瑞,56
张峰,20
朱凯,10
张志强,48
杨博,35
李文,5
孙建,62
顾丽娟,100
温坤,78
陈秀云,79
黄强,12
王浩,24
蓝桂兰,10
吴桂荣,39
罗秀云,24
赵东,53
朱梅,79
陈帆,55
胡玲,19
贺波,45
蒋梅,68
程建华,74
吴飞,60
金云,62
卢丹丹,6
相玉兰,25
许建平,95
邓文,18
马鹏,47
张磊,33
胡荣,3
李建,59
蔡秀英,35
郭刚,75
王楠,1
何勇,19
范凯,51
韩淑英,47
薛林,90
谢浩,37
吴峰,89
廖海燕,1
敬建军,88
黄丽娟,45
刘欣,43
刘萍,91
陈秀芳,16
龚磊,27
徐雷,59
赵丹丹,24
程桂香,93
郝冬梅,86
唐飞,39
郭琴,73
高兰英,58
吴博,91
杨桂香,87
廖建国,6
范超,1
潘鹏,79
谢勇,36
李桂兰,87
姚海燕,91
贺丽丽,4
赖平,6
李冬梅,71
张成,86
麻欣,61
胡晶,13
赵丹,2
王桂珍,56
王鑫,7
屈建平,32
熊红梅,77
范磊,54
梁建军,40
方春梅,10
赵平,18
黄健,96
李淑英,11
骆建华,26
刘明,45
李桂芝,66
李刚,90
林兰英,81
李秀梅,51
蔡成,25
宋鑫,20
马浩,52
陈桂珍,46
杨荣,8
王静,57
邓涛,11
唐秀云,91
王想,97
王丹,84
彭凯,40
黄建国,4
李桂英,25
任红梅,60
廖宇,87
赵瑜,18
马秀珍,10
周娜,33
谭荣,56
苏玉珍,55
李冬梅,64
薛勇,26
王凤英,60
张璐,40
吴淑兰,88
马波,17
解丽华,99
罗岩,76
张海燕,52
李红,55
王洋,36
李俊,22
蒙杨,77
赖瑞,23
曹金凤,85
吕海燕,0
傅瑜,14
王秀兰,65
冯秀云,62
刘柳,10
许秀珍,13
申帆,47
杨玉珍,72
余晶,64
王丽娟,18
范亮,39
伍楠,87
陈梅,90
耿东,69
韩帅,89
周红梅,11
许秀芳,91
萧秀兰,96
周玉,66
黄楠,43
蔡淑英,8
李娜,25
黄桂英,17
李云,16
杨志强,32
沈想,62
练海燕,31
陶雪,19
王利,35
莫秀芳,23
李楠,64
陈洁,10
陈想,32
王海燕,28
熊建国,41
胡建平,3
唐兰英,87
马超,70
陶雪,25
徐瑞,88
彭亮,79
刘佳,4
李健,40
王瑞,89
杜彬,25
唐淑珍,98
康桂英,86
赵建华,80
李利,75
朱秀兰,58
张勇,15
李华,47
钱超,40
李婷,29
仲鹏,82
舒金凤,33
李淑华,57
朱志强,55
林淑英,40
谢秀荣,3
陈帆,3
邓平,49
杨凤兰,57
吴敏,85
王兰英,17
方桂花,30
王丽丽,72
蒋秀兰,32
孙琴,47
唐瑜,79
孙健,86
徐雪,19
张利,73
牛勇,43
李桂英,53
刘玉兰,12
马鑫,39
廖玉珍,47
唐婷婷,88
高丹丹,4
黄婷婷,30
潘磊,8
杨桂香,82
刘桂香,91
孟桂花,34
袁淑英,98
马英,84
王凤英,75
衣颖,79
杨勇,98
刘欣,76
刘玉兰,88
张龙,18
郭楠,92
王玉梅,45
王超,48
叶岩,35
徐梅,99
李博,42
杨静,20
段柳,6
柏凯,44
王琴,21
李坤,26
胡兵,75
刘倩,54
向娟,11
张凤英,10
雷霞,25
蒋玉华,89
叶想,79
刘桂英,41
颜秀云,3
汪雷,11
郭琳,51
江秀珍,27
张彬,74
张红梅,93
兰桂英,97
马丽丽,73
李秀芳,24
徐艳,22
简秀梅,6
傅桂芝,69
宫莉,40
刘娜,7
徐想,22
李宇,13
巫燕,79
陈秀梅,86
张云,26
陈彬,84
张秀英,59
王淑珍,6
张磊,87
徐峰,93
刘璐,24
邵建华,85
江龙,39
李兰英,61
姜秀兰,43
李玉英,88
陈浩,12
高玉梅,10
刘春梅,65
宋林,100
唐桂英,58
尹岩,37
马欣,35
周娜,33
蒋娜,5
杨小红,66
吕楠,75
穆坤,72
程超,99
赵玉华,55
陈桂珍,68
田淑珍,63
张秀云,20
张玉华,38
陈桂荣,11
刘婷婷,46
王阳,17
罗燕,67
杨斌,80
谢萍,87
田丽华,9
韩秀芳,17
李林,41
张琳,82
李红霞,85
张婷婷,87
王帆,50
季坤,99
吕桂芳,63
刘健,17
李鹏,51
郝杨,57
张秀华,53
吴勇,53
庞东,31
杨淑华,1
张婷,73
黄建军,82
傅静,94
苏娜,86
侯桂珍,77
韦秀荣,18
杨建华,27
翁健,79
李建华,88
曹凤兰,8
罗琳,58
刘云,30
谷桂芝,82
耿欣,14
冯淑英,29
吴龙,85
沈玉兰,55
姜玲,14
喻龙,66
史磊,41
曹桂英,45
李娜,80
石佳,29
周建华,95
张桂兰,70
张丹丹,20
马颖,12
徐建平,75
覃龙,15
朱兵,57
郑明,30
孙超,83
张凯,40
石秀芳,9
高秀梅,81
韩佳,84
杨彬,42
蔡坤,76
王璐,86
陈建平,99
黄平,6
杜欢,9
沈云,70
张秀华,53
邱春梅,29
张凯,50
马秀珍,77
唐超,99
王秀梅,11
汤鑫,17
陈婷,0
张秀云,58
刘娜,2
张峰,73
韦海燕,93
田亮,88
王云,32
赵东,33
王建军,80
王雪梅,90
王帅,76
屈红霞,33
张玉珍,96
艾建,25
黄洋,94
赵雪,51
梁超,82
韩建华,1
杨俊,79
赵明,50
陈慧,9
秦倩,53
饶俊,21
曹燕,1
路春梅,6
李红霞,54
杨军,1
杨志强,81
张建国,42
周岩,28
黄龙,52
黄倩,36
崔燕,73
和军,46
乐萍,20
张丹丹,7
谭秀芳,52
潘阳,51
张杰,50
王娟,64
高小红,25
张桂珍,20
张平,90
李博,15
李玉华,62
彭金凤,54
许琳,19
陈丽,53
覃玉,96
张凤兰,7
孟志强,12
杨芳,96
王飞,25
章玉英,83
王龙,79
沙瑞,12
贾玉梅,58
胡秀兰,33
刘丹,87
霍燕,67
刘倩,5
张志强,16
周凤英,98
朱鹏,100
韩玲,3
吴楠,59
余秀芳,69
杜凤兰,9
尹健,16
钟建国,71
程萍,56
马凤英,37
吉桂珍,5
黄英,82
耿岩,87
马帅,55
黄磊,52
杜桂芝,40
高芳,59
杨坤,97
郭丹丹,70
苏丹,7
宋丽娟,25
邱丽丽,9
魏秀华,8
颜鑫,77
林小红,42
吴琴,93
关洁,67
吕阳,60
吴建华,11
马芳,91
游瑜,42
郑晶,41
夏军,11
孙凤兰,33
刘俊,22
洪梅,81
王帆,32
周桂花,65
蔡波,13
边桂珍,1
周凤兰,38
陈亮,35
王淑华,30
陈小红,42
乔秀兰,98
刘秀兰,50
李荣,73
卢丽娟,32
邓文,4
侯畅,6
曹建华,41
邓辉,72
金成,56
傅博,69
师晶,70
刘成,30
殷秀华,46
韩伟,66
王洋,41
乔斌,23
陈艳,3
龚欢,2
钟娜,59
王秀梅,71
王飞,80
孙艳,46
陶斌,25
杨帅,36
曾洁,46
傅玉华,95
徐成,86
唐凤兰,3
曾玉,73
李玉梅,73
邵彬,7
萧桂花,66
刘淑英,45
郭敏,61
杨颖,88
陈燕,28
王宁,1
崔桂兰,52
孟冬梅,35
何小红,26
俞亮,10
许秀荣,54
林璐,0
赵秀梅,100
张强,67
李东,79
钟桂香,31
宋坤,90
王瑞,3
陈秀梅,11
傅杰,26
石雪,21
丁浩,46
覃桂花,66
孙鑫,97
周岩,62
徐瑜,9
黄成,87
常雪,86
曾鑫,22
张丹,40
张莉,80
唐雪梅,85
李金凤,70
李春梅,74
周倩,91
王红梅,97
刘林,23
钟淑华,39
高坤,8
海瑞,74
佘峰,78
黎玉兰,80
孟明,17
程玉,93
刘海燕,41
韦雪,38
刘慧,21
刘瑞,90
杨健,40
张淑兰,32
马亮,93
李秀华,75
沈佳,71
赵桂珍,89
张金凤,69
穆畅,70
丁伟,34
陆凤英,40
杜颖,0
王建国,77
王明,82
伍波,89
叶丹丹,54
魏桂英,73
姜丹,40
杨丽丽,14
沙荣,56
蔡欣,0
黄文,30
李勇,5
董静,62
俞桂花,67
樊凯,98
陈桂英,84
鞠红霞,5
张兰英,31
王玉兰,87
王建国,21
林丽华,74
张华,42
牛淑珍,0
李倩,22
陈丹丹,90
孙玉兰,65
胡荣,69
梁玉珍,34
谭小红,91
尹平,91
蔡想,85
黄静,10
李琳,69
曾楠,5
王丽,72
王帆,5
乔凯,62
傅萍,86
潘莹,17
项帅,94
王龙,49
杨婷,9
王洋,29
吕杨,90
鲍桂芝,45
曾瑞,94
郭畅,76
龚建,53
何洁,45
佘玉梅,49
梁凤英,64
史刚,98
王霞,49
李博,69
吕建国,23
蒋建,34
孙波,56
王丹丹,2
杨红霞,42
杨海燕,85
吴琴,40
张岩,54
吕海燕,33
叶萍,74
孙桂兰,64
徐林,14
杨龙,95
魏柳,56
张海燕,16
黄岩,11
戴岩,51
唐雪,41
李军,64
陈柳,61
谭利,1
王颖,9
刁瑜,84
许辉,84
张斌,1
刘丽华,63
蔡欢,98
彭婷,37
马畅,9
熊琳,41
李波,23
张秀华,13
杨磊,20
戴文,1
伍玉兰,61
范健,65
刘雷,44
孙宇,1
陶玉梅,34
胡婷婷,45
周玉珍,63
厉杰,17
韦畅,51
李燕,84
佘小红,58
黄亮,87
朱斌,11
袁瑜,51
华建国,93
曹帅,52
梁秀兰,84
陈娟,23
洪军,38
杨桂英,59
符琳,64
吕桂花,69
郑桂花,44
胡柳,39
刘秀梅,91
伊明,52
阙玉兰,30
刘兵,39
吕云,31
周亮,39
李强,76
邢桂珍,7
苏淑珍,38
石杨,74
王萍,45
王勇,84
伍帅,100
戴红梅,7
李兵,19
祝建华,86
侯志强,18
马丹丹,51
莫旭,31
萧冬梅,33
卢娟,82
连晨,15
胡秀珍,25
王刚,75
陈丽丽,52
张帆,36
方兵,1
李鑫,64
张峰,49
王丽丽,96
庞金凤,75
王明,72
彭玉华,84
秦英,45
吴秀英,54
艾婷,47
梁建,99
戴秀云,83
陈倩,63
边婷,74
刘艳,3
王丽,12
潘丽丽,51
曾健,79
林玉华,46
陈杨,81
刘桂花,80
陈楠,29
卢玉华,30
潘凤英,93
金坤,40
王秀兰,39
周伟,21
杜秀兰,76
黄淑英,5
陈颖,6
陈秀兰,33
范建军,19
戴佳,50
戴秀梅,91
陈丽,36
曾玉梅,65
谢浩,57
何雷,90
张丽,66
梁秀兰,95
刘军,40
张丹丹,12
胡芳,91
尤秀兰,16
钟强,100
胡玉华,28
张颖,44
张磊,86
周红霞,13
周玉兰,98
詹玉英,86
胡洁,36
孟晶,32
王俊,63
简燕,57
薛飞,2
洪楠,54
黄伟,70
王玉梅,61
赵金凤,24
王想,98
江刚,52
汤斌,80
萧倩,60
顾刚,26
陈建军,50
甄桂芳,83
张桂香,60
蒋欣,71
赵鹏,80
陈莉,32
冯桂花,25
林玉珍,70
魏春梅,33
贾建平,22
袁娜,40
任平,65
李桂香,76
姚杨,58
罗帅,95
段波,22
祁鹏,80
李辉,60
张秀兰,12
金桂兰,62
黄丹,89
梁淑华,14
边岩,45
乔斌,89
沈龙,58
王彬,92
张倩,4
哈建国,64
赵畅,20
季梅,84
刘冬梅,84
贺杨,26
李娜,60
谭晶,78
张柳,11
王磊,51
龚玉,25
马佳,7
马玉珍,6
方博,13
王颖,38
郑丽,1
阳春梅,86
黄鑫,79
王红霞,98
许楠,1
刘建华,76
胡佳,80
鲍畅,65
沈秀华,10
吴秀英,39
狄斌,9
蔡波,22
陈柳,40
刘玲,48
吴健,47
许桂英,73
黄莹,20
桂淑英,69
李莹,49
蔡静,80
陈阳,66
毛桂芝,7
叶慧,76
林丽,50
周颖,79
吕彬,64
陈海燕,84
郝云,100
邓健,68
徐华,19
姜超,80
李娜,19
钟桂荣,84
陈玉华,14
邓明,97
孙洋,8
宋玉英,12
邓婷婷,93
谢桂兰,29
孙亮,28
高成,38
戴晶,1
田强,30
党桂兰,6
张丽,66
吴文,91
杨玉英,21
梁瑞,49
寇斌,7
覃淑兰,33
杨兰英,54
李辉,13
陆冬梅,26
石秀兰,78
王飞,63
王凤兰,75
周荣,3
李利,63
蒋浩,0
张晨,51
汤桂芳,1
魏雪,53
王宇,92
满晶,96
尹杰,72
董玉,78
唐柳,46
欧阳玉,46
李云,7
詹红霞,81
吴桂花,65
赵淑华,51
黄雷,36
李婷,31
王静,0
李楠,53
谭成,48
李刚,17
刘芳,54
石丽丽,10
蔡玉兰,13
林萍,25
赵静,99
苗淑英,100
刘秀兰,60
李丹,72
廖玉兰,72
柴峰,1
薛鹏,99
覃玉珍,63
涂彬,24
唐桂兰,42
聂海燕,28
孙雪,10
彭欣,75
王丽,63
黄凤英,21
张金凤,66
程鹏,7
李建军,16
王荣,24
蒙建国,58
郭秀云,49
张岩,95
刘平,24
郝莉,75
刘志强,49
张红霞,32
吴璐,9
周飞,72
李桂芳,22
张彬,65
孟帆,91
王岩,11
邓丹,74
刘波,3
叶建军,12
张斌,92
戴莹,0
林英,34
龚秀兰,29
蒋鑫,79
周浩,82
雷宁,28
彭丹,93
王洁,81
祁雪,60
向娜,34
蔡兰英,1
杨莉,55
高宇,20
柏柳,3
朱想,30
萧旭,21
杨莉,47
方静,43
赵秀芳,58
邹峰,43
胡建华,74
王志强,35
冯桂荣,64
蔡静,90
张平,68
李敏,99
欧阳兵,14
董帆,93
汪勇,45
黄涛,1
黄秀英,9
栾丹丹,12
郭琳,60
蒋阳,73
李建国,10
张霞,15
李浩,91
江健,6
陈芳,100
田鹏,60
彭玉珍,13
王柳,72
王霞,78
马桂花,96
熊丽华,0
郭建,95
胡敏,52
李娟,49
宋东,83
何建国,4
袁成,59
谭宁,82
张兰英,27
郭荣,46
宋凤兰,78
王畅,95
刘秀珍,40
王红霞,2
张斌,64
赵金凤,96
陶玉英,98
赵欢,100
王欣,4
赵峰,15
余婷婷,68
曹建华,23
杨桂珍,65
邹龙,53
崔波,4
谢洁,60
马秀华,35
黄红梅,74
曾琴,92
夏淑英,39
王岩,21
刘秀梅,70
马淑英,63
杨华,54
夏宇,97
萧云,36
李浩,12
隋桂荣,41
张辉,62
罗超,71
刘娜,48
张坤,57
陈鹏,27
陈雷,59
黄静,16
张秀珍,100
王凯,90
张玉英,84
张桂香,35
高婷,77
蒋兵,30
李秀华,6
郑小红,31
彭博,72
熊丽娟,52
王玉英,36
郑琳,20
丁兵,73
张旭,26
宋晨,55
王斌,36
强瑜,2
阮晶,66
杨建国,63
杨波,55
曾琴,92
傅莉,49
谢莉,44
李辉,22
林金凤,43
余鑫,94
杨敏,68
傅凤英,59
唐海燕,16
赵龙,41
王兵,48
宋旭,5
许成,69
陈建,22
潘佳,53
王丹,14
马秀兰,70
刘金凤,39
吴杰,10
莫芳,8
郑凤兰,81
张秀荣,92
陶杰,29
雷秀珍,44
余春梅,35
蒙磊,88
阎涛,13
蒲秀华,58
刘凤英,84
唐亮,2
符龙,32
任岩,95
徐宇,69
严彬,81
高倩,86
陈桂香,13
王桂花,48
毛丹丹,21
赵东,100
贾荣,35
李红,89
王岩,77
陈玉英,35
蔺秀兰,48
卿建平,32
刘云,52
张红霞,16
和雪,84
刘丽娟,85
彭荣,18
吴金凤,42
刘芳,63
翟志强,17
曹伟,35
谢文,18
刘成,77
纪丹,57
张颖,21
张建平,84
张洁,40
许秀荣,59
唐秀云,28
成鹏,32
余雪梅,63
李利,72
熊华,67
白超,70
高龙,88
陈淑兰,0
李杨,2
王成,9
黄岩,52
孙佳,41
王红梅,29
徐旭,32
黎冬梅,50
刘静,63
陈阳,61
程建军,47
王兰英,10
刘军,47
袁建,40
周英,0
张桂珍,29
侯淑兰,83
高海燕,24
孟丹丹,91
何凤英,66
杨琳,22
欧桂荣,34
张刚,47
郑秀云,95
吴秀珍,17
张霞,56
吴楠,40
魏玉兰,28
许雪梅,94
陈玲,50
张琳,88
陈桂芳,59
刘莉,62
翟玲,34
柴亮,87
袁桂兰,68
李雪,76
郭静,54
沈勇,11
孙勇,3
刘婷婷,56
霍芳,16
姜磊,63
罗凯,95
孔慧,82
孙秀华,41
王雷,99
刘刚,9
吕桂荣,33
袁英,12
戴红梅,56
杨建,62
赵秀英,44
张雪,88
关荣,50
张文,66
王秀兰,58
卢红霞,31
周峰,53
陈丽娟,44
刘利,100
王建平,44
庞红,46
陈娜,27
廖旭,36
卢勇,88
谢秀兰,44
孙丽丽,45
戚莉,77
程琳,42
万桂英,14
段龙,97
周海燕,40
王洋,44
杨勇,48
黎红,71
郝桂香,31
谢桂荣,81
袁兵,72
金涛,19
王燕,24
梁柳,54
王玉,45
马雪,58
樊志强,42
谭彬,61
朱秀荣,36
毛云,36
李红,96
赵宁,25
殷龙,39
张坤,83
孙博,72
樊敏,51
赵秀珍,76
董婷婷,74
李丹丹,50
彭慧,63
郝桂芳,80
杨畅,13
李荣,50
孟琳,15
朱桂芳,36
刘秀云,23
徐博,5
李倩,27
刘林,57
景荣,43
乔雪梅,92
蔡淑兰,65
毕旭,27
李勇,23
黄成,57
董建平,20
姚静,32
吴琳,91
张雪,87
张凤兰,27
孙建国,86
刘楠,63
王志强,100
陶晶,84
王玉华,88
李桂花,52
戴博,23
刘淑兰,53
王文,70
余淑兰,94
吴龙,25
赵凤兰,4
李欢,97
张文,9
李娜,2
杨丽华,78
王冬梅,10
谷文,92
黄俊,87
陈桂英,36
何秀梅,41
田波,54
孙洁,89
赵冬梅,55
陈彬,70
冯秀荣,85
冯阳,20
刘璐,79
许玉华,58
李宁,29
蒋林,30
萧金凤,18
王华,6
陈涛,87
陈建平,62
侯斌,89
雷秀华,93
谭建军,82
侯秀华,27
屈健,95
杨雪,3
陈桂兰,100
牛建平,48
曾亮,34
顾婷,23
张雪梅,53
万秀云,77
萧彬,80
芦建平,48
谢兵,13
朱璐,56
张玉梅,54
岳鹏,68
王志强,4
向淑珍,46
傅晶,33
杨海燕,6
张佳,78
朱华,32
王萍,42
李凯,62
程红霞,39
杨龙,5
罗俊,91
周春梅,3
杨海燕,35
张涛,28
黄桂香,69
赵健,57
王建军,55
杨秀芳,5
张琳,98
李龙,32
龙杨,73
刘玉英,34
黄峰,33
张婷,93
陈冬梅,67
饶淑英,2
曹丹,4
林秀荣,19
王鹏,70
杨秀兰,41
盛雪,31
张静,47
吴雪梅,4
徐玉,17
曹云,42
姚建,8
杨鑫,82
刘勇,8
萧波,24
周东,26
谭雪,3
杨文,64
孟雪梅,39
胡伟,99
郑建平,51
杜楠,100
李桂花,21
王海燕,18
张丹丹,72
阎英,24
刘丽娟,20
徐秀华,48
艾雪梅,13
傅文,37
谢慧,42
袁超,35
李文,6
吴红梅,6
姚桂花,28
郭荣,97
李莉,81
郝宇,5
刘文,66
陈健,93
刘桂香,18
周桂香,73
张宁,14
陈亮,74
陆想,69
袁英,80
吴文,29
曹利,58
唐秀兰,71
梁娜,40
陆龙,33
熊瑜,27
李涛,25
潘柳,78
王淑兰,50
王博,18
王雪梅,86
郭建,90
孙玲,60
李婷婷,21
高波,18
梁红,19
杜强,94
李桂兰,91
李欢,40
吴林,13
白淑兰,12
王艳,84
刘金凤,14
李丹丹,91
蒋莉,60
胡桂芝,71
黄志强,14
朱秀云,60
梁荣,80
崔伟,24
胡晨,83
陈颖,91
陈淑英,79
余芳,9
姚丽丽,45
杨桂芝,30
欧林,22
王瑜,45
谢凯,19
周娟,37
邱超,93
李瑞,70
甘刚,10
鞠明,55
展文,77
袁秀荣,0
陆丽,61
杨淑英,22
熊华,35
孙利,48
李丽华,87
张凤英,80
王洁,70
宋兵,9
杜萍,98
王琴,90
张玉华,76
徐俊,44
王晨,83
秦秀荣,86
聂龙,25
何帆,56
沈瑜,29
苏文,78
杨强,54
张飞,50
尹秀英,98
王彬,9
蔡凤英,64
曲辉,90
王凤兰,82
潘旭,82
吴丽丽,76
何桂芝,11
刘倩,16
刘慧,45
刘瑞,11
刘瑞,99
李帅,5
侯鹏,24
郭莹,37
李宁,36
陈浩,54
张岩,75
张玉英,21
韩畅,67
郭桂珍,53
鞠玉珍,75
李健,51
蓝淑珍,66
李龙,58
李晶,57
霍帆,14
许成,37
张婷婷,36
潘岩,21
文俊,89
陈俊,46
谢建军,82
高艳,74
卓秀梅,18
吴杰,83
龚玉英,85
卢平,63
文凤英,21
单丽华,79
夏帅,37
邵勇,100
张丹丹,27
黄丽,25
马慧,70
姚红梅,67
陈凤兰,73
李玉兰,62
张春梅,32
高东,44
邓飞,48
王浩,90
徐彬,36
葛平,72
傅雷,14
张桂芝,44
孔兵,39
宋俊,88
胡柳,75
杨平,26
陈倩,36
齐坤,50
叶东,87
刘强,5
陈军,33
谷飞,47
韦秀兰,30
强玉,37
陈峰,53
马红,30
曾志强,0
钟玉兰,52
胡畅,68
曾莹,95
刘佳,88
陈建华,49
赵雪梅,100
刘波,89
阎超,24
姚杰,43
张彬,69
宋建国,65
杨平,64
孟秀云,63
周华,51
刘华,55
王浩,14
俞龙,5
周明,25
朱桂芳,56
黄婷婷,58
费淑兰,21
常红梅,7
徐梅,73
陈洁,69
张帆,4
蒋桂香,70
张婷,37
唐磊,41
王军,23
沈斌,73
胡海燕,7
黄晨,13
吴丹,37
胡娜,48
罗凯,56
田浩,62
贺磊,95
高春梅,72
李玉,38
林林,5
赵华,43
高超,45
单倩,63
彭利,31
王坤,45
阿丹丹,9
张柳,86
李淑兰,99
欧阳雪梅,6
韩文,2
许小红,49
李华,2
葛建平,61
蒋玉梅,88
刘雷,89
吴秀梅,97
龚淑兰,51
陈红霞,36
韦超,26
梁琴,57
王红梅,63
张玉英,38
董桂英,0
郭莉,61
王俊,37
何桂珍,46
穆俊,76
成杨,0
齐鹏,57
冯健,5
石佳,52
王荣,82
李璐,63
李杰,46
邓丽华,12
陈英,33
姜超,98
王凯,46
刘建国,99
赵坤,25
丁瑞,19
陈军,54
秦杰,99
詹雪梅,44
蔡颖,11
蒙雪梅,10
袁军,17
宋凤英,68
高平,56
赵彬,55
蒋淑华,53
刘柳,40
戴帆,60
陆坤,79
黄华,25
朱洁,93
常成,90
左宁,30
姜凯,11
马静,37
张丽丽,33
罗洁,92
吴桂花,58
王桂芳,10
萧磊,9
许峰,47
汤红霞,8
萧飞,99
范荣,61
杨强,46
高丽娟,87
李涛,89
张红梅,74
杨阳,33
贾红梅,87
赵旭,45
黄婷婷,87
苗淑华,56
陈红霞,72
黄成,29
马斌,15
陈勇,89
严丽丽,49
何淑兰,9
王强,16
苏桂花,30
张桂兰,30
王红梅,90
文想,75
李秀珍,68
徐桂兰,54
程璐,89
刘红梅,99
唐健,30
翟俊,40
杨波,86
徐利,80
韩鹏,34
袁彬,97
李桂珍,30
刘桂芳,39
黄洁,93
余建华,15
李帆,39
刘兰英,21
张娟,69
钟琴,27
谢桂香,97
石明,94
周阳,46
孙芳,99
张亮,69
郭玉梅,98
陈雷,73
刘建国,42
雍雪,61
傅秀荣,46
朱岩,54
贺春梅,39
郝淑珍,82
苗桂珍,0
胡凤兰,5
周秀珍,99
王超,58
孙春梅,15
杨玉梅,37
张建国,35
欧欢,83
曹利,96
陈红霞,4
李桂芝,95
石琴,86
崔琴,4
罗红,55
蒋丹,77
廖建华,97
刘莉,28
胡丽,14
刘红,31
杜桂香,80
李飞,78
蒋慧,64
张丹,87
金帅,56
何杨,27
任丽,25
王婷,88
陈桂珍,59
刘荣,0
漆娟,68
李婷婷,34
郑小红,2
郑玉英,19
吴兵,40
刘婷,95
吴秀梅,92
王玲,22
覃超,84
张雪梅,41
罗荣,23
纪娜,35
张建华,97
钟红,47
杨建国,81
陈桂兰,68
李敏,65
苏林,87
杨丽,33
刘红霞,13
伍斌,21
徐丹,84
郭霞,84
宋金凤,83
李海燕,6
冯杰,16
安宇,9
王斌,20
罗波,48
姚敏,72
王洁,93
张燕,63
赵璐,53
朱成,8
邱丹丹,37
尤强,6
周旭,63
何艳,79
魏秀芳,72
王颖,17
孔磊,47
孙辉,67
黄坤,69
何峰,1
彭宁,13
牟淑华,19
邓玉梅,22
钟建平,84
王杨,37
王洁,39
左俊,9
欧东,43
张淑兰,56
林婷婷,65
吴梅,66
赵欢,19
苗淑兰,21
卢建,22
赵健,77
马杨,29
明亮,73
汪建,14
包帆,91
马磊,85
朱明,42
张超,66
乐洁,41
任彬,9
章玉,13
刘娟,18
王玉兰,72
龙璐,2
潘秀华,8
陈飞,73
郑琳,36
崔丽,29
李雪梅,66
马凤英,27
朱晶,68
李志强,1
钟建国,49
吴淑珍,89
叶帆,29
董桂珍,61
武燕,68
王秀英,53
林敏,37
向杨,82
王建国,66
范秀珍,69
张玉华,64
米佳,95
韩建华,59
曹雪梅,60
刘帅,84
刘莹,89
李玉英,97
吴建华,18
韩超,26
刘建,13
李畅,62
林志强,37
周凤兰,87
滕建,33
许英,57
封凤英,98
曾坤,38
李丽丽,21
李伟,48
李超,28
毛坤,39
袁建国,2
彭鑫,75
梁杨,46
王凯,76
黄亮,69
郭鑫,86
杨小红,49
余军,26
张利,92
朱颖,13
徐建军,48
赵艳,48
程萍,68
郭楠,12
秦强,19
党波,85
田雪梅,83
邢霞,62
史佳,98
董丽,76
周波,30
徐秀华,25
张海燕,35
朱想,42
侯帅,49
韩雷,45
张桂芳,90
王秀英,66
许玉梅,21
李秀梅,22
赵丽,3
郑艳,36
周玉,82
岳旭,18
刘飞,19
李文,54
黄英,28
汪洋,76
阴平,48
徐雪梅,47
赵利,72
李凤英,27
贺博,10
邹秀珍,78
陈畅,6
胡亮,20
曾玉华,46
邓瑞,88
金霞,35
李帆,6
王明,24
刘建平,97
杨莹,11
王艳,35
黄云,9
龙辉,68
刘畅,35
巫梅,98
洪凤兰,60
罗宁,35
赵俊,79
刘燕,82
黄丹,10
王秀珍,95
李燕,36
樊超,29
李阳,34
郑军,10
刘燕,66
蒋红,86
廖颖,14
刘冬梅,95
韦东,59
蒋彬,90
邵桂英,51
黄婷婷,96
呼斌,93
余柳,69
张瑞,42
杨欢,88
牛荣,86
张晨,45
田强,44
徐明,0
朱坤,62
齐建平,49
雷峰,91
赖冬梅,41
戴雪,71
李涛,71
彭玉英,8
杨伟,55
徐淑兰,75
李淑华,15
俞淑华,14
王小红,25
周玉,31
董勇,45
张龙,27
唐燕,56
傅秀兰,26
万想,14
陈玉梅,2
范芳,12
罗洋,20
薛淑兰,65
蒲超,69
杜秀英,4
杨龙,93
敬婷,23
张桂芝,26
陈雪,83
冯秀芳,11
张艳,100
阎波,36
黄桂珍,92
朱桂芳,4
叶桂芝,10
张娟,33
常桂芝,8
王春梅,55
王梅,89
杨金凤,34
杨刚,11
项宁,49
周秀荣,83
潘岩,55
何芳,51
滕彬,23
张瑜,73
覃凤兰,33
钱军,17
徐敏,62
李博,24
刘红,80
范芳,49
魏桂芳,6
陈瑜,52
石桂香,7
曾秀珍,63
陆洁,64
卜玉珍,28
惠静,71
罗荣,4
吴莹,50
黄兵,27
张桂花,5
张东,50
朱雪,18
徐志强,15
汪秀珍,88
胡伟,87
杨桂芳,81
吴岩,67
段龙,14
陈丹,53
刘春梅,91
高梅,96
范博,34
张淑兰,89
阎秀梅,7
蓝建华,23
赵秀芳,21
杨桂兰,27
汪玉,64
张军,13
侯军,61
史玉梅,77
秦晨,16
李桂芳,20
刘淑华,49
唐敏,41
薛红霞,52
吴超,76
宋燕,74
路波,93
刘莹,0
杨洋,4
符桂香,10
彭秀云,35
陈斌,69
张玉珍,66
张莹,28
曹丹丹,76
张海燕,85
徐璐,46
康丹,70
郭畅,2
李芳,63
谢娜,22
陈桂芝,72
潘洁,12
左雷,43
管兰英,70
李东,71
姚亮,84
雷凤英,24
田红梅,51
陈燕,19
邹玉,76
张莹,17
赵丽丽,41
高军,20
林洁,2
柳丽娟,77
刘建军,42
莫鹏,48
王建,26
陈岩,78
黄桂英,23
聂晶,42
孙平,95
姚欢,59
郭丹丹,73
杨旭,57
陈欣,92
陈文,16
李莹,88
胡刚,86
王桂香,8
卢宇,80
李博,87
李晶,24
谭柳,19
信平,0
梁龙,62
陶飞,40
朱娜,98
田雷,92
杨志强,70
李岩,35
李帅,7
刘斌,90
杨飞,97
邓秀梅,41
谢宇,100
张秀华,19
谢桂芝,15
支岩,68
苗桂花,69
陈秀梅,97
史建平,50
陈璐,12
桑兵,16
孙桂兰,48
吴俊,13
邓杨,58
郑建军,13
管岩,91
王斌,15
胡燕,9
武丽,15
房志强,40
孙秀荣,37
韦娟,96
李飞,39
詹淑珍,82
王建华,91
程斌,44
李秀荣,92
王燕,77
徐红霞,88
祁淑华,24
喻柳,38
饶秀兰,55
张春梅,67
赵艳,1
杜洋,18
刘斌,77
郭阳,98
季慧,36
杨秀荣,88
叶建,10
蔡娟,64
杨慧,81
成婷婷,36
王颖,95
李霞,51
林平,12
周萍,44
陈秀珍,96
王建军,86
魏桂花,76
高东,32
萧雪,68
钱静,15
陈霞,85
谭桂香,65
姜佳,78
陈秀荣,48
彭丽娟,99
古洁,6
陈玉兰,26
阎柳,4
阎敏,16
林红,37
陆春梅,68
周霞,6
庄秀兰,46
陈成,79
刘强,71
阳桂芳,36
洪倩,5
潘丽,58
黄坤,61
徐亮,22
陈丽,45
齐淑英,60
刘慧,88
陈超,73
卢玉梅,20
许畅,50
苏鹏,13
符丹,56
陈丽,4
刘杰,69
任峰,28
吴海燕,68
张云,74
赵芳,85
方林,23
汤丽华,21
杨洁,49
刘晨,30
李飞,11
饶桂兰,81
石建国,41
阎瑞,70
蔡淑珍,72
余婷婷,4
阮莹,42
颜莉,83
郑宇,32
项峰,74
赖龙,77
宋东,35
王秀梅,6
黄桂珍,37
李云,80
高建,77
孙燕,28
李霞,70
张兰英,95
叶秀云,89
黄杨,74
赵华,84
方玉华,74
黄艳,10
张建华,98
王成,9
李阳,64
张洋,12
范帅,57
龚健,20
丁想,9
李阳,50
冯淑珍,73
林桂英,77
岳平,59
单玉英,90
石桂芝,61
王飞,10
廖艳,97
唐雪梅,18
徐浩,37
牛涛,99
孟玉珍,58
姚冬梅,52
何琳,12
易亮,25
陈婷,83
汪岩,78
李文,93
窦磊,87
段琴,31
吴瑜,68
向俊,76
葛莉,38
严洁,18
李建华,69
王畅,10
刘燕,63
秦军,46
刁慧,72
唐玉华,80
刘萍,96
郭辉,40
毛建军,65
王秀芳,75
黄旭,58
刘梅,17
何玉梅,65
张飞,45
邸淑英,66
陈旭,46
裘杰,38
敬秀云,26
王凯,7
陈霞,60
张桂香,88
蔡林,95
苏坤,100
李丹丹,65
张明,66
李宇,65
俞婷,1
吴敏,52
李秀云,29
庄帅,11
丛涛,0
陈丹丹,15
陈龙,38
张春梅,65
张红梅,73
吴林,49
辛畅,5
侯婷,99
车荣,68
王玉华,50
包杨,32
潘桂兰,55
李春梅,94
章瑞,65
岳丹,3
李浩,4
申倩,3
宋桂荣,16
柏彬,19
谢娟,15
单芳,39
刘建军,21
刘荣,15
张坤,34
李桂英,81
王畅,84
许兵,87
章飞,53
吴杨,5
王俊,62
吴丽丽,49
杨宁,41
刘桂兰,82
雷军,7
王秀梅,46
万琴,56
傅秀梅,83
陈强,41
王英,6
郑春梅,46
王倩,16
耿峰,68
李彬,60
黄伟,94
董倩,90
符玉华,95
莫柳,99
高文,100
杨霞,4
魏瑜,52
顾柳,38
曹洁,93
龚强,76
黄瑞,91
李淑英,80
王伟,46
纪斌,71
王秀芳,74
金秀芳,97
韦晨,35
程杨,45
罗玉兰,14
覃丽华,33
赵敏,73
熊刚,31
杨磊,92
吴洁,58
袁丽华,36
冯荣,97
黄兰英,30
严建平,67
石晨,19
邓红,56
陈欢,41
向玉梅,82
惠淑兰,17
宋宇,14
李志强,94
刘浩,94
王文,82
张秀芳,87
黄刚,89
魏燕,0
牛瑜,34
吴琴,77
覃丽娟,83
乔建,82
郭金凤,10
刘旭,71
季利,36
潘志强,40
杨颖,58
张金凤,89
边柳,77
向亮,34
樊华,56
解建华,21
覃建国,88
周欢,13
吕丽华,63
李帅,82
刘鑫,52
李敏,68
邓芳,71
潘淑兰,24
程燕,7
张淑华,13
徐玉梅,11
唐瑜,96
徐丽丽,87
姜桂芝,50
丁建,8
刘丽,73
苏凤英,95
钟凯,43
刘楠,36
孙桂英,10
金娟,2
王秀华,54
池金凤,78
李畅,75
任慧,36
张丽娟,95
张杨,31
鲍明,45
刘芳,6
王玉梅,44
王峰,7
郝丽丽,78
顾晨,34
王旭,71
邱想,69
成冬梅,18
王瑞,98
张莹,95
程桂英,77
王艳,77
邵娜,56
程刚,62
王秀英,56
向凤兰,36
孙飞,31
陈淑英,80
朱斌,62
刘辉,86
许桂芳,17
黄辉,41
王亮,92
朱秀英,94
胡娟,24
郭宁,37
赵婷婷,5
王成,1
薛凤英,99
李晶,47
萧丽华,100
胡娜,57
耿霞,44
陈婷婷,2
文娟,9
周琳,57
刘彬,5
蒋丽娟,44
陈欣,42
范桂香,99
董雷,25
李欢,74
张琳,10
蒋强,3
徐建军,35
刘云,10
李波,93
李琴,73
陶明,81
马萍,16
朱伟,59
路楠,0
朱桂芳,61
郭明,16
杜波,37
陈刚,35
李桂珍,32
吴想,60
张涛,83
吴凯,42
李玲,90
俞萍,42
刘桂花,4
邱丹,30
袁瑜,99
任玉梅,80
李成,18
陈桂英,54
吕丹,11
马玉珍,45
陆桂芳,2
刘宇,3
陈晶,22
田淑珍,18
尹玉华,78
陆宇,46
宋红霞,48
张荣,89
张洁,98
杨凤兰,43
蓝桂花,67
张斌,87
朱志强,56
李浩,20
文红,69
沈瑜,65
李峰,90
郭军,48
李彬,84
伍桂芳,41
陈璐,67
贾秀荣,77
陆利,53
吕婷,37
刘瑞,8
夏杨,85
刘金凤,20
吴建军,52
席红霞,3
张军,24
董林,81
欧阳秀珍,54
余建军,2
周秀华,0
朱娜,87
黄莉,49
王娜,20
廖飞,4
李磊,83
刘萍,62
贾婷,5
鞠艳,21
杨成,82
吴小红,100
胡淑珍,40
孟建国,69
苏伟,7
刘婷,23
王倩,86
张宁,35
冉海燕,18
汤雷,36
刘岩,61
黄颖,12
陈淑珍,71
简颖,9
唐红,25
刘莉,46
张飞,59
杨金凤,70
高静,49
覃健,14
晁丽娟,87
龚龙,78
李小红,25
冯桂兰,29
林飞,4
李秀兰,46
王小红,54
刘淑英,35
叶桂兰,27
王文,100
余倩,0
张春梅,48
黄红霞,65
陈兰英,0
李梅,82
李杰,62
杨勇,59
马丽丽,68
周勇,76
娄涛,51
刘金凤,72
王佳,24
周秀珍,99
刘桂芳,19
郑峰,5
崔文,70
樊峰,15
张莉,68
逯红梅,41
文小红,76
白利,50
曲秀云,81
高丽华,79
张峰,63
罗军,5
李成,35
谭凤兰,53
杨凤英,95
刘玉珍,88
何林,94
黄超,51
苏丹,66
孙强,72
薛红梅,97
王晶,4
孙刚,44
初丹,38
卓萍,34
刘桂荣,100
吴建平,20
康丹丹,76
黄艳,35
王秀芳,18
施阳,68
吴雷,4
许涛,17
杜秀芳,54
魏飞,75
陈颖,30
龙秀英,90
严丽华,31
温林,53
温静,94
汪杨,28
赵俊,45
张晨,40
王凤英,24
张丹丹,21
龚玉英,34
孟英,35
苏建国,44
张玉英,80
马桂香,9
张春梅,38
梁彬,95
覃建平,28
段冬梅,31
陈丹,95
毕岩,100
海海燕,1
杨丽娟,93
张利,22
王秀梅,12
曹淑兰,27
解磊,96
谢丽丽,71
章强,29
郑帆,66
吴丹丹,3
黄伟,13
李林,46
赵辉,19
柴芳,87
李帆,82
申平,34
王玉梅,98
刘秀芳,66
王玉珍,1
董淑英,3
彭丽丽,40
陈海燕,60
杨坤,24
徐琳,33
荆宇,7
张丽娟,34
苗峰,20
李雪,83
白桂兰,45
邱利,5
邹淑英,79
兰玉华,44
张志强,21
王婷,55
许欢,76
苏阳,30
庄宁,69
陈玉梅,80
游宁,85
曹龙,35
张琳,76
毕杰,80
刘浩,93
赵楠,88
王玉英,50
郑洋,90
徐琳,30
乔金凤,95
胡玉梅,71
刘浩,96
刘龙,71
刘瑞,98
刘璐,22
洪杨,24
徐飞,89
张兰英,48
周婷婷,92
郑峰,29
陈玉,50
萧旭,54
谭丹,52
梅文,52
林凤兰,96
曹刚,65
王明,24
侯璐,62
张佳,38
程秀梅,93
刘娟,52
胡秀芳,4
成静,82
韩岩,61
董磊,34
邓桂芝,18
邵红霞,15
杨倩,67
李艳,48
金林,52
吴杨,57
王刚,24
曾荣,15
杜雪,26
刘秀梅,59
郭建华,24
胡萍,72
蒋波,0
索杰,40
黎平,7
李萍,68
阎丽丽,23
张玉珍,56
张杨,75
邵鹏,71
刘军,83
张杰,1
谢海燕,0
王娜,5
江慧,81
田明,65
毛瑜,79
王淑兰,35
李凤兰,20
王亮,34
王莹,45
邓晨,15
蒋磊,22
许畅,27
姬凤英,88
梁畅,97
蔡洁,31
冀红霞,5
徐帆,10
林瑜,64
张玉华,48
尹秀云,76
张帅,13
何秀芳,81
刘伟,28
李秀荣,71
杜帅,71
谷亮,41
刘娟,87
黄秀珍,28
王佳,92
张娟,21
高秀荣,23
张红梅,25
刘桂花,54
李勇,9
陆冬梅,4
刘凤兰,62
任杰,28
邵洋,84
曾淑珍,67
钱兰英,48
李静,34
王欢,4
陈平,30
兰秀荣,93
朱荣,91
高洋,87
张东,71
徐丹,35
徐宁,30
段军,85
孙瑜,92
孙明,53
范丽,15
丁宁,31
尹坤,94
姜建华,0
陈志强,1
林想,79
王东,41
冼鑫,49
尹倩,68
刘刚,29
施丽,18
李斌,9
韩淑兰,84
陈林,22
温秀英,18
林波,41
徐峰,83
唐旭,34
顾刚,81
罗磊,1
李秀兰,87
朱雪,16
葛娟,54
陈楠,94
龚芳,19
傅佳,0
孔俊,2
陈帆,84
宋健,47
袁艳,36
蔡伟,57
黄云,93
陈春梅,12
石华,84
张淑英,7
洪柳,56
萧建国,10
杜伟,42
卜英,98
南静,59
邓桂花,31
李玉珍,58
胡帆,8
王琳,11
王雪梅,47
张梅,95
郭强,37
章建军,84
李涛,18
陈雪梅,58
谢杰,61
梁岩,96
黄林,53
邱洁,33
徐建国,50
苏淑兰,44
翟刚,60
萧明,7
胡雪,11
刘云,9
辛旭,25
马婷婷,14
马桂英,24
唐磊,94
刘成,17
冷倩,36
程玉,84
徐桂荣,60
黄璐,21
王峰,3
瞿艳,96
王玉英,16
杨艳,66
张建军,43
蒋璐,85
张军,27
黄帆,65
王燕,35
左超,87
傅琳,0
王帆,6
盖勇,32
武玲,57
王宇,33
高瑞,65
张成,83
李雪,14
杨磊,95
吕倩,53
文利,9
宋军,77
刘玉英,22
王春梅,70
张坤,62
储霞,40
邓海燕,76
厉建军,95
毕欣,69
杨婷,34
张淑兰,25
邬丹,9
余林,24
刘建华,84
刘建军,71
郭伟,91
陈凯,26
刘帆,87
李婷,2
童玉珍,79
苏鑫,15
夏莹,18
黄刚,54
吴琳,73
耿琳,33
杜平,12
张艳,90
吴雪,62
王婷婷,97
潘楠,13
张桂花,41
罗瑜,62
何娜,84
郝宁,34
辛军,70
廖斌,3
刘燕,66
邱丽,13
李欣,3
侯凤英,60
万文,13
邵玉兰,72
王玉珍,92
刘婷婷,48
兰龙,22
陈成,0
莫雷,73
熊冬梅,36
姚琳,80
李秀华,65
李桂英,53
陈辉,87
赵欣,43
金丽丽,95
陈玲,89
朱文,63
倪阳,87
雷林,57
欧桂芝,15
朱雪,13
钟秀云,41
萧丽华,9
李瑞,100
朱婷,80
周琳,66
高秀梅,82
李玉兰,84
赵欣,66
郑欣,21
张凤英,25
杨桂花,39
施飞,52
胡荣,73
廖阳,26
郭建国,5
董淑兰,30
邹琳,23
程坤,8
鲍俊,15
袁阳,60
张瑜,57
安秀华,75
薛春梅,74
周丹丹,36
张秀梅,14
吴霞,3
罗雪梅,66
程娜,33
王超,79
邹燕,38
季鹏,8
林燕,83
李娟,38
崔波,57
张超,5
王成,19
孙雪,74
李健,66
涂丽娟,69
关玉英,65
高兰英,20
姜春梅,82
周利,20
曾彬,65
孙桂香,92
韩俊,85
杨瑜,62
杨娜,57
牛林,84
周桂芝,48
郭英,45
许欣,50
臧建平,86
刘俊,24
单佳,54
熊亮,33
潘想,77
关丽娟,66
陈莉,28
刘凤英,36
刘丹,85
吴瑞,4
孙春梅,44
张红梅,100
巫志强,87
吕桂英,83
杨雪梅,40
骆婷婷,5
傅娜,45
桂兰英,99
胡楠,77
周秀珍,26
周晨,77
杨畅,13
白玲,42
曾颖,92
刘柳,15
王瑞,97
王文,39
萧洋,20
吴洋,77
陈桂芳,93
侯军,2
徐阳,22
谢雷,48
钟建国,37
徐淑珍,59
田宁,85
赵淑英,43
徐建国,39
孟秀荣,45
陈婷婷,72
杨利,91
游欣,44
郭凤英,53
柳军,65
宋桂荣,100
郭建国,12
李健,22
高建国,70
张金凤,37
张秀梅,77
龙倩,48
沈峰,93
曾金凤,65
林林,61
宋桂荣,18
马华,9
王伟,73
连杰,74
颜桂芳,43
吴桂花,68
杨桂珍,32
黄冬梅,51
李淑英,71
朱静,38
庄淑珍,17
贺平,83
陈兵,58
陈凤兰,1
李静,57
张晨,87
陈凤兰,6
徐娜,9
董荣,63
翁凤英,64
邓倩,67
黄桂香,92
杨欣,56
梁玉华,84
李秀英,4
柴建平,20
严楠,63
林丽华,71
陈桂荣,38
冯秀兰,14
樊娜,97
阎佳,14
许荣,96
罗成,98
贾海燕,70
黄建,73
余建华,39
石秀云,20
阎娜,44
刘秀荣,97
董建,31
张婷,92
余东,17
梁军,53
牛静,31
庄宇,4
张明,20
毛秀云,58
林欢,57
陈雪梅,35
王桂荣,31
王博,62
宋坤,93
陈英,24
袁凤英,81
戴凤兰,6
王桂香,42
刘丽,25
曹玉华,100
赵海燕,97
卢金凤,45
丁玉兰,16
刘倩,58
任婷婷,54
刘桂芳,48
吴华,55
郭丽丽,49
张小红,90
黄雷,54
吴伟,8
左晨,28
陆丹丹,43
王想,78
李俊,72
张丽华,89
汪英,44
何小红,72
王凤兰,76
邵桂珍,12
张秀云,86
杨雪梅,35
戴亮,74
麦楠,51
梁建国,80
王明,77
盖涛,14
李帅,29
傅晨,36
李慧,46
黄洋,62
高坤,38
卢兵,55
陈淑珍,40
蔡红霞,45
赖涛,58
王凤兰,51
曾瑜,3
陈琴,13
苏冬梅,18
刘丽,44
慕淑珍,89
李瑜,24
刘兵,15
张超,63
徐玉梅,81
王晨,23
裴婷婷,32
侯雷,22
周云,83
王婷,60
金桂荣,23
郑秀云,83
颜婷婷,18
韩杰,5
孙婷婷,27
袁鑫,90
李杰,33
江建军,40
鲍志强,97
刘兵,68
王宇,87
黄丽丽,64
夏洋,62
王婷,86
孙海燕,35
李芳,45
申华,13
卢艳,59
赵玉梅,52
张平,62
陈晶,40
吴浩,24
张娟,39
刘娜,0
易小红,91
萧桂芝,59
李桂花,62
岳红梅,66
石平,47
祖艳,23
王洁,37
柳宁,7
陈俊,86
吕宇,36
张雪,67
孙琴,38
崔飞,75
庄建华,55
康秀华,55
梁淑珍,58
乐凤兰,100
董桂香,78
李倩,69
王荣,39
陶海燕,71
孙莉,92
王淑英,46
李桂香,45
李岩,97
韦雪,43
张玉英,54
覃建,63
余明,65
王静,55
韦秀云,28
徐利,27
潘淑华,59
朱小红,16
杨洁,32
尚建军,64
朱秀珍,8
陈俊,39
杨淑珍,63
董岩,62
席建华,59
徐欢,15
陆健,62
任秀英,49
许文,17
蒋婷,57
宋旭,39
岳桂荣,100
张利,77
荆欣,5
林帆,8
吴洋,34
徐桂英,35
程楠,83
杨莹,17
陈倩,80
韩桂兰,86
王金凤,10
李晨,56
张红,48
赖佳,85
曹晶,27
林娜,32
许成,17
胡东,42
刘飞,53
刘亮,75
任畅,41
徐红,13
侯平,20
耿强,66
章玲,66
高凤英,30
张红梅,35
巫丽丽,26
刘明,64
王芳,12
高丹,8
萧红,76
宋琴,11
李志强,49
徐晨,35
柯静,51
彭东,15
常雪,57
王杨,94
张东,55
甘浩,42
朱云,62
胡桂香,66
韩磊,8
沈杨,58
贺想,77
任兵,55
黄雪,68
李淑英,90
李伟,42
朱红,21
李成,70
赵琴,67
张志强,22
李畅,48
韩建,33
吴玉,31
陈玉珍,37
徐丹丹,10
谢淑华,92
曾岩,76
潘军,23
麻宇,55
王欢,44
萧岩,16
梁建,57
郝慧,42
陈燕,10
史文,32
翁婷,69
陈桂芝,5
马春梅,29
邢雷,56
揭利,12
成淑珍,10
蔡峰,0
王玉珍,88
黄秀芳,91
胡秀华,29
陆林,53
杜宇,49
张鑫,9
李桂芳,66
邹利,22
黄婷婷,9
李淑珍,63
赵璐,26
许玉英,6
张莉,4
郭彬,81
林桂香,55
左晨,30
黎秀云,87
韦欢,24
陈冬梅,7
方海燕,43
高丽华,88
乐文,81
吴雷,0
刘婷婷,22
刘建平,43
张婷,94
刘龙,81
戴畅,97
蔡梅,61
王峰,24
朱阳,29
郑凯,54
王桂芳,85
蒋想,90
刘丹,44
赖建平,31
刘岩,40
何春梅,40
王东,20
高成,37
陈华,6
杨秀兰,31
魏超,54
曹丽华,41
聂建国,9
张琴,81
吉洋,33
张玉兰,3
徐玉华,95
徐刚,16
罗艳,23
毕荣,85
王秀芳,1
宋秀兰,5
苗玉,23
赵桂花,49
陈帆,14
邓玉梅,28
赵桂芝,6
李婷,43
武平,37
吴志强,31
乔刚,43
王凯,23
陶霞,77
周桂芝,13
郑静,2
游婷婷,4
洪林,63
陈桂兰,91
杨丽华,37
何倩,91
张玉华,74
韩丽,80
彭斌,50
熊玉英,46
林慧,82
王雪,92
陈柳,65
王玉,16
贾飞,34
李倩,7
陈桂芳,80
吴兰英,62
郑晨,39
郭军,10
胡秀英,58
韩平,45
樊凯,2
刘欢,98
马建国,15
罗丽丽,35
李军,10
周瑞,86
唐建军,87
余东,41
张玉华,72
张桂花,65
孙文,72
赵想,61
蒋岩,0
史明,69
郭辉,39
周颖,32
韩小红,73
毛建军,65
余秀英,60
王丽丽,62
李春梅,61
孙楠,26
莫莹,50
严洁,71
宋涛,57
廖淑珍,36
李静,3
宋云,83
王红梅,52
许桂英,58
于欢,77
张洁,39
孙燕,23
刘雪梅,61
颜琳,76
伍帅,67
姚建平,30
胡丹丹,31
宋琳,36
周玉英,89
张凤英,70
姚丹,75
陆亮,60
张明,5
覃伟,53
李秀华,91
杜玉英,84
李阳,58
韩强,57
许建,34
孙帆,24
刘玲,37
周玉英,28
张瑜,76
刘想,17
阮淑珍,66
袁丽,48
张伟,77
顾丽丽,79
龚佳,88
范鹏,79
蔡霞,25
徐雪梅,83
黄莹,52
李秀云,54
张桂荣,37
冯志强,71
刘磊,79
陈亮,20
王飞,50
刘帅,56
陈军,13
景静,48
杨红,74
万婷婷,71
胡淑珍,57
张燕,36
陈雪,24
冯杰,30
黄海燕,53
周想,71
孙桂香,52
田龙,4
徐雪,100
何军,95
王龙,66
刘红霞,40
朱亮,26
吴健,25
曾楠,4
刘燕,33
彭彬,88
刘桂香,19
常畅,12
张桂香,69
周丹,9
朱婷,21
苑英,27
胡玉梅,80
石博,95
曹强,47
王楠,50
姚明,35
饶金凤,25
沈婷,37
王秀华,82
赵超,97
包洋,12
冯春梅,4
丁丽,29
赵超,70
郑涛,14
彭桂芳,64
李博,92
田金凤,91
孙荣,67
李璐,90
任想,6
李凤英,27
陈建,81
涂宇,10
吴淑英,85
周东,3
马桂芝,74
韦杨,24
曾磊,95
林秀云,67
张玉,62
曾利,1
程秀梅,3
王俊,67
尹红霞,13
周秀云,4
张龙,56
刘丽丽,14
梁莹,40
张坤,51
贾俊,87
刘梅,19
谷淑华,42
李峰,73
曹丹,74
李军,17
唐平,41
萧琴,16
巴涛,67
周洁,40
宋丽华,75
郭玉华,77
赵雷,78
张龙,77
蔡坤,41
陈浩,2
王建平,49
潘宇,93
李超,61
瞿莉,79
蔡婷,67
林成,34
邱淑珍,15
李建平,23
王俊,82
郭秀荣,78
李艳,50
欧阳涛,77
张丹丹,78
张欣,60
鹿雪梅,81
杨波,39
王岩,38
周博,66
郭荣,36
傅婷,53
傅雪,39
陈俊,18
刘玉兰,75
陈强,49
龚小红,68
周欣,85
李浩,34
张桂芳,54
曹洋,77
傅秀芳,63
姚丹丹,7
何红梅,22
陈淑兰,34
程帅,12
邱婷婷,79
纪丽丽,57
唐旭,81
李兵,87
余兰英,62
杨桂英,33
刘亮,52
徐桂英,97
宗玉华,6
祝志强,52
冶健,28
廖文,35
孙平,87
梁玉珍,39
张秀华,82
罗军,12
成想,73
李柳,70
张霞,57
鞠晨,77
周萍,24
马坤,71
范建军,43
张畅,28
王雪梅,92
刘荣,76
曹斌,84
聂玉华,50
龙晨,77
郝鑫,56
高楠,15
黄利,21
李林,63
江勇,29
王明,12
曾龙,68
林梅,57
赵秀华,99
陈丽丽,52
王建华,44
李军,60
张平,31
周秀珍,6
李秀珍,4
王红霞,48
赵俊,82
魏娟,100
宋雪梅,47
叶静,76
黄颖,79
范欣,27
杨红,86
毛洁,27
贺帅,88
管强,76
陈玉,94
孔华,43
张丽,64
刘亮,30
成淑兰,60
陈欢,13
杨玉英,28
巫金凤,70
段娟,75
郝洋,76
崔颖,43
褚帆,95
赵瑞,13
汪杰,73
周云,34
王晨,23
梁小红,5
李淑珍,65
张玉,13
张峰,53
许磊,36
王兰英,1
周林,14
叶琴,55
杨丹丹,58
王勇,76
莫玲,29
李宇,20
韩建军,40
李英,81
邓丽丽,25
王欣,61
孙红霞,29
王涛,7
吴淑英,16
张龙,91
敖佳,91
陈明,66
孔超,68
张洋,19
梁敏,97
马莹,31
袁建,90
钱波,36
王莉,14
胡柳,89
周玉英,6
李娟,37
郭莹,59
党秀梅,49
张淑英,28
屈静,14
张平,94
许瑞,22
李凤兰,1
郭荣,1
李琴,51
蒙雷,36
许燕,53
张林,97
黎桂珍,43
贾志强,72
王龙,49
余斌,44
王帆,21
周磊,90
刘鑫,52
李涛,100
梁莉,19
马佳,11
刘建平,30
李桂花,46
秦海燕,70
秦英,28
张淑英,67
郝凯,99
刘楠,35
杨秀珍,9
阎岩,34
廖平,16
杨彬,3
崔丽,29
王秀兰,53
王涛,39
周丽华,6
戴婷婷,66
芦博,80
田淑兰,18
赵秀梅,28
刘芳,7
朱芳,39
倪兰英,39
冀静,66
张刚,55
曾浩,89
周海燕,81
荆鑫,24
崔玉梅,69
元玉梅,32
张利,91
金淑兰,0
吴丽,37
杨明,67
吴龙,80
黄丽华,58
沈杰,71
丁丽娟,18
黄燕,55
王建平,0
郑健,91
王璐,45
姚林,39
李斌,2
廖婷,41
熊博,47
贺莉,9
吴丹,39
葛玉英,92
苑勇,45
鞠莹,3
俞博,15
姜小红,1
刘淑珍,47
蔡涛,66
蔡桂荣,39
童桂兰,26
孙亮,17
孙飞,29
邓霞,16
王金凤,62
常坤,100
朱霞,6
唐丽丽,21
钱云,48
王春梅,66
赵燕,1
冯丽丽,10
许燕,38
贾鑫,79
沈建军,11
罗淑英,84
王坤,62
蒲杰,61
王红梅,64
许莉,85
程建平,78
吴丽华,89
李东,62
萧阳,89
刘雪,61
刘娟,77
陆冬梅,34
赖颖,11
杨莉,66
王帅,82
舒梅,72
程桂珍,88
刘红梅,1
黄龙,27
楚兰英,58
向平,86
潘桂芳,97
李桂芝,93
刘秀芳,14
赫健,40
周飞,21
郭凤兰,44
施刚,45
张秀兰,70
王梅,8
张芳,48
周荣,62
邓梅,30
吴晶,8
黄洋,69
赵明,42
朱桂兰,61
李桂荣,47
崔秀兰,2
冯鹏,66
李倩,25
钟瑜,12
陈燕,47
陆杨,45
李金凤,100
李淑兰,14
黄洁,42
黎辉,49
舒飞,19
邱春梅,44
李静,45
李杰,5
黄勇,11
杨娟,64
查敏,17
申小红,64
李秀华,19
盘雪,41
李楠,33
段淑兰,71
齐梅,37
张晨,59
余飞,12
薛艳,88
周娜,51
梁晶,7
李秀英,25
刘鹏,82
孙英,68
凌莹,8
杨刚,22
蒲霞,46
汪玉兰,72
孟娟,36
周淑珍,91
李伟,96
胡荣,72
谭强,99
林荣,67
韦莉,65
刘丹,57
刘淑英,91
李辉,6
梁敏,82
程洁,31
张娜,31
张鑫,1
张佳,51
张婷,4
梁欣,47
薛凯,58
王波,74
黄秀英,64
黄洋,22
魏桂珍,13
林桂荣,16
张磊,22
刘斌,88
鞠鑫,35
吴华,62
黄利,24
刘刚,9
李婷,23
林秀珍,49
杜强,74
张凤兰,52
陈俊,10
郑凤英,54
朱淑华,9
李兵,35
侯建平,10
杨瑞,18
王博,43
王帅,83
向慧,45
张淑珍,79
潘桂珍,2
刘鑫,63
李博,4
曹红霞,16
罗岩,76
郭淑珍,53
罗婷,65
高海燕,2
罗霞,72
杨桂英,8
李娟,86
唐瑜,64
李飞,26
李坤,70
王畅,34
曾平,95
陶建国,73
张亮,99
姜颖,62
孙丽娟,13
胡柳,80
刘淑珍,16
刘岩,6
廖桂英,78
罗桂花,30
赵彬,75
李宁,1
王明,7
杨雷,83
王颖,59
李燕,2
阎平,51
何建军,77
刘博,79
王小红,3
牟桂芝,71
周桂芝,9
卜凤兰,37
王彬,62
蔡凤兰,30
文宁,44
林阳,97
庞岩,15
张萍,36
王淑华,81
夏刚,55
邹小红,78
王英,40
杨博,91
田秀兰,33
朱宁,34
李红梅,6
车琳,68
马燕,73
徐桂英,62
张宁,89
瞿英,70
张佳,98
兰柳,24
吴龙,61
郝峰,52
李勇,2
蔡燕,45
徐淑兰,8
李玲,70
范博,68
谢丹,98
李秀华,98
杨桂英,46
叶淑英,45
彭华,16
房云,7
郑丹丹,26
王琳,21
黄琳,13
张峰,97
李建华,15
李春梅,56
王雪梅,30
陈霞,37
贾桂英,43
韩丹,37
龚涛,12
张超,8
胡燕,87
周淑英,27
张桂荣,82
徐燕,71
罗林,93
张倩,16
曹飞,68
崔楠,75
王健,38
谈婷婷,15
吕梅,34
郑飞,81
陈晶,16
葛亮,18
孟秀梅,96
李帆,30
胡英,48
徐春梅,46
荣秀英,0
骆桂珍,51
苏秀梅,54
王丽丽,66
陈淑兰,89
周秀珍,25
徐利,82
高秀梅,32
张佳,84
王桂荣,28
叶丽丽,45
刘梅,51
周桂香,60
海刚,51
邓玉华,90
马玉珍,78
罗凯,68
李晶,92
刘洁,36
王彬,20
赵浩,45
史桂花,42
王丽娟,42
樊秀华,69
吴敏,34
王桂珍,14
王想,12
曾斌,12
王淑兰,99
华淑华,89
祝宁,17
徐平,27
孙英,25
刘瑜,47
王想,29
柳玉英,83
黄辉,54
刘淑华,50
陈燕,83
何浩,47
王明,19
张凤兰,15
李彬,17
李秀华,61
张成,62
高楠,81
许磊,93
吴峰,35
门淑兰,29
陈志强,58
郭岩,52
韦欢,67
覃杨,35
奚红梅,64
陆雪梅,30
廖杨,24
郭秀云,95
冯霞,20
栾彬,91
周华,18
韩帅,77
赵浩,41
尹婷婷,38
王娟,59
戴建平,100
夏鑫,21
郭兵,83
叶红霞,9
何楠,90
祁坤,26
米玉英,97
朴伟,24
徐利,32
何俊,90
吕瑞,98
张彬,2
张红霞,61
李玉梅,37
田丽娟,6
何桂珍,19
宁桂珍,46
林洁,30
周倩,66
耿淑英,73
张秀云,5
许玉珍,87
王欣,25
徐浩,34
马霞,77
蒋倩,29
袁帆,84
孙晨,71
刘亮,89
黄洋,12
张宁,32
李雪梅,98
谷云,91
张淑华,18
颜玉英,46
何晶,4
刘霞,94
王婷,10
姜冬梅,53
程淑华,36
蔡兰英,1
黄宁,53
陈丽丽,90
姜娜,42
陈秀兰,52
李杰,35
陈俊,36
郭小红,63
宋博,35
黄杨,100
杨伟,67
聂倩,46
陈桂英,6
刘鹏,33
方桂花,55
周建华,5
陈洋,73
吴丹,6
周玉华,79
边艳,40
王伟,46
陆丽丽,82
李军,83
柳文,91
杜兵,77
李雪,73
赵瑞,84
吴璐,34
张东,99
陈雪,9
刘丽丽,27
林斌,75
史欣,7
张鹏,56
崔芳,18
宋荣,28
黄莹,96
凌雷,90
陈玉兰,79
姜波,71
王秀荣,83
叶兵,81
莫宇,51
汤宁,54
夏芳,94
张桂珍,70
王阳,60
丁飞,76
陈坤,98
江芳,87
邓瑞,23
杨利,84
陈淑珍,27
莫东,41
钱海燕,46
张秀梅,86
王秀兰,34
刘雪梅,18
高丹,88
李雪梅,36
邱英,44
吴畅,96
桂建国,80
童玉华,78
刘兰英,41
陈婷,47
夏淑兰,98
刘桂荣,82
张利,47
焦红霞,52
吴桂英,19
赵文,30
黄玉英,45
陶桂芳,94
张利,76
赵明,42
牛莉,84
王霞,39
杨兰英,57
陈玉英,71
熊莹,24
颜秀梅,62
魏坤,75
谢秀芳,64
刘淑珍,35
张楠,4
范磊,64
王刚,71
颜彬,54
萧阳,77
彭艳,17
李淑兰,26
陆宁,1
任秀云,8
文桂兰,62
赵林,13
王莹,50
程桂芝,57
郭洋,13
朱鑫,70
杨霞,34
林丽华,72
杜秀梅,98
郑小红,25
练兰英,38
秦勇,53
周磊,86
罗芳,5
王秀梅,63
王静,68
潘雪梅,56
胡伟,58
王华,93
沈坤,54
李明,40
李建国,72
李琴,98
孙坤,18
陆欢,24
宋杨,8
戴龙,38
丁艳,33
白秀珍,86
董勇,12
郑帆,43
张丹丹,76
史静,10
周红,13
王金凤,93
赵刚,63
吕鹏,76
曹璐,19
崔玉珍,64
刘雪,51
张娜,10
马敏,83
李利,45
唐玲,64
宋军,20
高帆,95
杜玲,38
刘桂香,61
李晨,75
王鹏,24
高志强,19
张凯,43
孙莹,56
石利,90
刘淑兰,27
尚凤英,34
张东,14
隆宇,0
黄辉,53
宋辉,87
陈燕,49
王燕,81
史华,95
梁超,14
马林,0
牛小红,94
蒋建军,76
李荣,17
洪红霞,8
廖敏,63
郭萍,91
查金凤,90
王雪,30
胡志强,58
韩刚,26
马林,42
谭浩,25
潘桂香,96
陈丽丽,66
阎建军,100
刘杨,90
贺秀荣,0
蔡丽丽,65
张婷,70
张淑华,46
陈娟,46
马桂兰,82
刘海燕,81
杨婷,66
陈勇,84
夏宇,28
白洁,59
李玉英,33
杨玉华,35
蒋琴,31
李想,15
刘雪,6
章建军,17
徐建国,48
赵磊,71
余博,23
韦帅,64
陈刚,2
唐宇,21
张婷婷,60
伍林,61
彭旭,66
郑娜,12
仇秀华,47
邹丽丽,55
殷小红,96
董红霞,20
刘丹,70
揭玉华,77
邢玉梅,0
姚玉珍,95
姚刚,24
张雪,19
周倩,93
杨淑珍,43
刘婷,52
段想,67
孙楠,49
刘波,96
赵婷婷,80
胡柳,6
林玲,24
白柳,94
王龙,77
苏俊,63
丁玉珍,51
徐秀华,65
王雪,48
伊欣,41
刘雪梅,57
徐彬,15
高丽娟,84
戚秀梅,43
黎燕,76
季梅,63
周兰英,15
刘勇,84
徐红,94
吕岩,87
魏成,37
丁秀芳,60
耿秀芳,19
梁凤兰,12
牟龙,90
盛春梅,21
谭飞,15
陈宇,48
张莉,74
李静,66
陈晶,34
张丹丹,47
林兰英,46
王健,76
罗超,63
郑燕,63
姜琳,40
马艳,14
李倩,67
朱岩,14
伍丽华,1
胡建,80
林静,28
黄洋,22
鞠雪梅,61
张柳,32
陈成,55
唐淑兰,17
陈兵,8
刘莹,9
杨雪,71
薛辉,48
王梅,4
黄飞,6
萧波,18
聂红,66
刘利,99
缪秀珍,70
翟彬,6
卢桂芳,7
